"Program","Year","Period","Week Ending","Geo Level","State","State ANSI","Ag District","Ag District Code","County","County ANSI","Zip Code","Region","watershed_code","Watershed","Commodity","Data Item","Domain","Domain Category","Value","CV (%)"
"SURVEY","1990","YEAR","","AGRICULTURAL DISTRICT","MINNESOTA","27","CENTRAL","50","","","","","00000000","","CORN","CORN, GRAIN - YIELD, MEASURED IN BU / NET PLANTED ACRE","TOTAL","NOT SPECIFIED","119",""
"SURVEY","1990","YEAR","","AGRICULTURAL DISTRICT","MINNESOTA","27","EAST CENTRAL","60","","","","","00000000","","CORN","CORN, GRAIN - YIELD, MEASURED IN BU / NET PLANTED ACRE","TOTAL","NOT SPECIFIED","102",""
"SURVEY","1990","YEAR","","AGRICULTURAL DISTRICT","MINNESOTA","27","NORTH CENTRAL","20","","","","","00000000","","CORN","CORN, GRAIN - YIELD, MEASURED IN BU / NET PLANTED ACRE","TOTAL","NOT SPECIFIED","79.7",""
"SURVEY","1990","YEAR","","AGRICULTURAL DISTRICT","MINNESOTA","27","NORTHEAST","30","","","","","00000000","","CORN","CORN, GRAIN - YIELD, MEASURED IN BU / NET PLANTED ACRE","TOTAL","NOT SPECIFIED","96.8",""
"SURVEY","1990","YEAR","","AGRICULTURAL DISTRICT","MINNESOTA","27","NORTHWEST","10","","","","","00000000","","CORN","CORN, GRAIN - YIELD, MEASURED IN BU / NET PLANTED ACRE","TOTAL","NOT SPECIFIED","71",""
"SURVEY","1990","YEAR","","AGRICULTURAL DISTRICT","MINNESOTA","27","SOUTH CENTRAL","80","","","","","00000000","","CORN","CORN, GRAIN - YIELD, MEASURED IN BU / NET PLANTED ACRE","TOTAL","NOT SPECIFIED","136",""
"SURVEY","1990","YEAR","","AGRICULTURAL DISTRICT","MINNESOTA","27","SOUTHEAST","90","","","","","00000000","","CORN","CORN, GRAIN - YIELD, MEASURED IN BU / NET PLANTED ACRE","TOTAL","NOT SPECIFIED","135",""
"SURVEY","1990","YEAR","","AGRICULTURAL DISTRICT","MINNESOTA","27","SOUTHWEST","70","","","","","00000000","","CORN","CORN, GRAIN - YIELD, MEASURED IN BU / NET PLANTED ACRE","TOTAL","NOT SPECIFIED","120",""
"SURVEY","1990","YEAR","","AGRICULTURAL DISTRICT","MINNESOTA","27","WEST CENTRAL","40","","","","","00000000","","CORN","CORN, GRAIN - YIELD, MEASURED IN BU / NET PLANTED ACRE","TOTAL","NOT SPECIFIED","108",""
"SURVEY","1990","YEAR","","AGRICULTURAL DISTRICT","NEBRASKA","31","CENTRAL","50","","","","","00000000","","CORN","CORN, GRAIN - YIELD, MEASURED IN BU / NET PLANTED ACRE","TOTAL","NOT SPECIFIED","135.3",""
"SURVEY","1990","YEAR","","AGRICULTURAL DISTRICT","NEBRASKA","31","EAST","60","","","","","00000000","","CORN","CORN, GRAIN - YIELD, MEASURED IN BU / NET PLANTED ACRE","TOTAL","NOT SPECIFIED","126.6",""
"SURVEY","1990","YEAR","","AGRICULTURAL DISTRICT","NEBRASKA","31","NORTH","20","","","","","00000000","","CORN","CORN, GRAIN - YIELD, MEASURED IN BU / NET PLANTED ACRE","TOTAL","NOT SPECIFIED","135.7",""
"SURVEY","1990","YEAR","","AGRICULTURAL DISTRICT","NEBRASKA","31","NORTHEAST","30","","","","","00000000","","CORN","CORN, GRAIN - YIELD, MEASURED IN BU / NET PLANTED ACRE","TOTAL","NOT SPECIFIED","104.1",""
"SURVEY","1990","YEAR","","AGRICULTURAL DISTRICT","NEBRASKA","31","NORTHWEST","10","","","","","00000000","","CORN","CORN, GRAIN - YIELD, MEASURED IN BU / NET PLANTED ACRE","TOTAL","NOT SPECIFIED","137",""
"SURVEY","1990","YEAR","","AGRICULTURAL DISTRICT","NEBRASKA","31","SOUTH","80","","","","","00000000","","CORN","CORN, GRAIN - YIELD, MEASURED IN BU / NET PLANTED ACRE","TOTAL","NOT SPECIFIED","151.2",""
"SURVEY","1990","YEAR","","AGRICULTURAL DISTRICT","NEBRASKA","31","SOUTHEAST","90","","","","","00000000","","CORN","CORN, GRAIN - YIELD, MEASURED IN BU / NET PLANTED ACRE","TOTAL","NOT SPECIFIED","126.7",""
"SURVEY","1990","YEAR","","AGRICULTURAL DISTRICT","NEBRASKA","31","SOUTHWEST","70","","","","","00000000","","CORN","CORN, GRAIN - YIELD, MEASURED IN BU / NET PLANTED ACRE","TOTAL","NOT SPECIFIED","130.2",""
"SURVEY","1990","YEAR","","AGRICULTURAL DISTRICT","OREGON","41","NORTH CENTRAL","20","","","","","00000000","","CORN","CORN, GRAIN - YIELD, MEASURED IN BU / NET PLANTED ACRE","TOTAL","NOT SPECIFIED","160.4",""
"SURVEY","1990","YEAR","","AGRICULTURAL DISTRICT","OREGON","41","NORTHEAST","30","","","","","00000000","","CORN","CORN, GRAIN - YIELD, MEASURED IN BU / NET PLANTED ACRE","TOTAL","NOT SPECIFIED","116.7",""
"SURVEY","1990","YEAR","","AGRICULTURAL DISTRICT","OREGON","41","NORTHWEST","10","","","","","00000000","","CORN","CORN, GRAIN - YIELD, MEASURED IN BU / NET PLANTED ACRE","TOTAL","NOT SPECIFIED","9.7",""
"SURVEY","1990","YEAR","","AGRICULTURAL DISTRICT","OREGON","41","SOUTHEAST","80","","","","","00000000","","CORN","CORN, GRAIN - YIELD, MEASURED IN BU / NET PLANTED ACRE","TOTAL","NOT SPECIFIED","44",""
"SURVEY","1990","YEAR","","AGRICULTURAL DISTRICT","PENNSYLVANIA","42","CENTRAL","50","","","","","00000000","","CORN","CORN, GRAIN - YIELD, MEASURED IN BU / NET PLANTED ACRE","TOTAL","NOT SPECIFIED","79.9",""
"SURVEY","1990","YEAR","","AGRICULTURAL DISTRICT","PENNSYLVANIA","42","EAST CENTRAL","60","","","","","00000000","","CORN","CORN, GRAIN - YIELD, MEASURED IN BU / NET PLANTED ACRE","TOTAL","NOT SPECIFIED","102.5",""
"SURVEY","1990","YEAR","","AGRICULTURAL DISTRICT","PENNSYLVANIA","42","NORTH CENTRAL","20","","","","","00000000","","CORN","CORN, GRAIN - YIELD, MEASURED IN BU / NET PLANTED ACRE","TOTAL","NOT SPECIFIED","55.5",""
"SURVEY","1990","YEAR","","AGRICULTURAL DISTRICT","PENNSYLVANIA","42","NORTHEASTERN","30","","","","","00000000","","CORN","CORN, GRAIN - YIELD, MEASURED IN BU / NET PLANTED ACRE","TOTAL","NOT SPECIFIED","31.1",""
"SURVEY","1990","YEAR","","AGRICULTURAL DISTRICT","PENNSYLVANIA","42","NORTHWESTERN","10","","","","","00000000","","CORN","CORN, GRAIN - YIELD, MEASURED IN BU / NET PLANTED ACRE","TOTAL","NOT SPECIFIED","81.1",""
"SURVEY","1990","YEAR","","AGRICULTURAL DISTRICT","PENNSYLVANIA","42","SOUTH CENTRAL","80","","","","","00000000","","CORN","CORN, GRAIN - YIELD, MEASURED IN BU / NET PLANTED ACRE","TOTAL","NOT SPECIFIED","74.3",""
"SURVEY","1990","YEAR","","AGRICULTURAL DISTRICT","PENNSYLVANIA","42","SOUTHEASTERN","90","","","","","00000000","","CORN","CORN, GRAIN - YIELD, MEASURED IN BU / NET PLANTED ACRE","TOTAL","NOT SPECIFIED","85.9",""
"SURVEY","1990","YEAR","","AGRICULTURAL DISTRICT","PENNSYLVANIA","42","SOUTHWESTERN","70","","","","","00000000","","CORN","CORN, GRAIN - YIELD, MEASURED IN BU / NET PLANTED ACRE","TOTAL","NOT SPECIFIED","76.8",""
"SURVEY","1990","YEAR","","AGRICULTURAL DISTRICT","PENNSYLVANIA","42","WEST CENTRAL","40","","","","","00000000","","CORN","CORN, GRAIN - YIELD, MEASURED IN BU / NET PLANTED ACRE","TOTAL","NOT SPECIFIED","85.3",""
"SURVEY","1990","YEAR","","AGRICULTURAL DISTRICT","UTAH","49","CENTRAL","50","","","","","00000000","","CORN","CORN, GRAIN - YIELD, MEASURED IN BU / NET PLANTED ACRE","TOTAL","NOT SPECIFIED","134.9",""
"SURVEY","1990","YEAR","","AGRICULTURAL DISTRICT","UTAH","49","EASTERN","60","","","","","00000000","","CORN","CORN, GRAIN - YIELD, MEASURED IN BU / NET PLANTED ACRE","TOTAL","NOT SPECIFIED","83.8",""
"SURVEY","1990","YEAR","","AGRICULTURAL DISTRICT","UTAH","49","NORTHERN","10","","","","","00000000","","CORN","CORN, GRAIN - YIELD, MEASURED IN BU / NET PLANTED ACRE","TOTAL","NOT SPECIFIED","146.1",""
"SURVEY","1990","YEAR","","AGRICULTURAL DISTRICT","UTAH","49","SOUTHERN","70","","","","","00000000","","CORN","CORN, GRAIN - YIELD, MEASURED IN BU / NET PLANTED ACRE","TOTAL","NOT SPECIFIED","70",""
"SURVEY","1990","YEAR","","AGRICULTURAL DISTRICT","WASHINGTON","53","CENTRAL","20","","","","","00000000","","CORN","CORN, GRAIN - YIELD, MEASURED IN BU / NET PLANTED ACRE","TOTAL","NOT SPECIFIED","189",""
"SURVEY","1990","YEAR","","AGRICULTURAL DISTRICT","WASHINGTON","53","EAST CENTRAL","50","","","","","00000000","","CORN","CORN, GRAIN - YIELD, MEASURED IN BU / NET PLANTED ACRE","TOTAL","NOT SPECIFIED","161",""
"SURVEY","1990","YEAR","","AGRICULTURAL DISTRICT","WASHINGTON","53","NORTHEAST","30","","","","","00000000","","CORN","CORN, GRAIN - YIELD, MEASURED IN BU / NET PLANTED ACRE","TOTAL","NOT SPECIFIED","100",""
"SURVEY","1990","YEAR","","AGRICULTURAL DISTRICT","WASHINGTON","53","SOUTHEAST","90","","","","","00000000","","CORN","CORN, GRAIN - YIELD, MEASURED IN BU / NET PLANTED ACRE","TOTAL","NOT SPECIFIED","187",""
"SURVEY","1990","YEAR","","AGRICULTURAL DISTRICT","WISCONSIN","55","CENTRAL","50","","","","","00000000","","CORN","CORN, GRAIN - YIELD, MEASURED IN BU / NET PLANTED ACRE","TOTAL","NOT SPECIFIED","90.6",""
"SURVEY","1990","YEAR","","AGRICULTURAL DISTRICT","WISCONSIN","55","EAST CENTRAL","60","","","","","00000000","","CORN","CORN, GRAIN - YIELD, MEASURED IN BU / NET PLANTED ACRE","TOTAL","NOT SPECIFIED","79.1",""
"SURVEY","1990","YEAR","","AGRICULTURAL DISTRICT","WISCONSIN","55","NORTH CENTRAL","20","","","","","00000000","","CORN","CORN, GRAIN - YIELD, MEASURED IN BU / NET PLANTED ACRE","TOTAL","NOT SPECIFIED","58.8",""
"SURVEY","1990","YEAR","","AGRICULTURAL DISTRICT","WISCONSIN","55","NORTHEAST","30","","","","","00000000","","CORN","CORN, GRAIN - YIELD, MEASURED IN BU / NET PLANTED ACRE","TOTAL","NOT SPECIFIED","65.1",""
"SURVEY","1990","YEAR","","AGRICULTURAL DISTRICT","WISCONSIN","55","NORTHWEST","10","","","","","00000000","","CORN","CORN, GRAIN - YIELD, MEASURED IN BU / NET PLANTED ACRE","TOTAL","NOT SPECIFIED","73.1",""
"SURVEY","1990","YEAR","","AGRICULTURAL DISTRICT","WISCONSIN","55","SOUTH CENTRAL","80","","","","","00000000","","CORN","CORN, GRAIN - YIELD, MEASURED IN BU / NET PLANTED ACRE","TOTAL","NOT SPECIFIED","113.7",""
"SURVEY","1990","YEAR","","AGRICULTURAL DISTRICT","WISCONSIN","55","SOUTHEAST","90","","","","","00000000","","CORN","CORN, GRAIN - YIELD, MEASURED IN BU / NET PLANTED ACRE","TOTAL","NOT SPECIFIED","104",""
"SURVEY","1990","YEAR","","AGRICULTURAL DISTRICT","WISCONSIN","55","SOUTHWEST","70","","","","","00000000","","CORN","CORN, GRAIN - YIELD, MEASURED IN BU / NET PLANTED ACRE","TOTAL","NOT SPECIFIED","109.2",""
"SURVEY","1990","YEAR","","AGRICULTURAL DISTRICT","WISCONSIN","55","WEST CENTRAL","40","","","","","00000000","","CORN","CORN, GRAIN - YIELD, MEASURED IN BU / NET PLANTED ACRE","TOTAL","NOT SPECIFIED","100.7",""
"SURVEY","1990","YEAR","","COUNTY","MINNESOTA","27","CENTRAL","50","BENTON","009","","","00000000","","CORN","CORN, GRAIN - YIELD, MEASURED IN BU / NET PLANTED ACRE","TOTAL","NOT SPECIFIED","114",""
"SURVEY","1990","YEAR","","COUNTY","MINNESOTA","27","CENTRAL","50","CARVER","019","","","00000000","","CORN","CORN, GRAIN - YIELD, MEASURED IN BU / NET PLANTED ACRE","TOTAL","NOT SPECIFIED","126",""
"SURVEY","1990","YEAR","","COUNTY","MINNESOTA","27","CENTRAL","50","KANDIYOHI","067","","","00000000","","CORN","CORN, GRAIN - YIELD, MEASURED IN BU / NET PLANTED ACRE","TOTAL","NOT SPECIFIED","121",""
"SURVEY","1990","YEAR","","COUNTY","MINNESOTA","27","CENTRAL","50","MCLEOD","085","","","00000000","","CORN","CORN, GRAIN - YIELD, MEASURED IN BU / NET PLANTED ACRE","TOTAL","NOT SPECIFIED","124",""
"SURVEY","1990","YEAR","","COUNTY","MINNESOTA","27","CENTRAL","50","MEEKER","093","","","00000000","","CORN","CORN, GRAIN - YIELD, MEASURED IN BU / NET PLANTED ACRE","TOTAL","NOT SPECIFIED","117",""
"SURVEY","1990","YEAR","","COUNTY","MINNESOTA","27","CENTRAL","50","MORRISON","097","","","00000000","","CORN","CORN, GRAIN - YIELD, MEASURED IN BU / NET PLANTED ACRE","TOTAL","NOT SPECIFIED","94.6",""
"SURVEY","1990","YEAR","","COUNTY","MINNESOTA","27","CENTRAL","50","RENVILLE","129","","","00000000","","CORN","CORN, GRAIN - YIELD, MEASURED IN BU / NET PLANTED ACRE","TOTAL","NOT SPECIFIED","132",""
"SURVEY","1990","YEAR","","COUNTY","MINNESOTA","27","CENTRAL","50","SCOTT","139","","","00000000","","CORN","CORN, GRAIN - YIELD, MEASURED IN BU / NET PLANTED ACRE","TOTAL","NOT SPECIFIED","132",""
"SURVEY","1990","YEAR","","COUNTY","MINNESOTA","27","CENTRAL","50","SHERBURNE","141","","","00000000","","CORN","CORN, GRAIN - YIELD, MEASURED IN BU / NET PLANTED ACRE","TOTAL","NOT SPECIFIED","109",""
"SURVEY","1990","YEAR","","COUNTY","MINNESOTA","27","CENTRAL","50","SIBLEY","143","","","00000000","","CORN","CORN, GRAIN - YIELD, MEASURED IN BU / NET PLANTED ACRE","TOTAL","NOT SPECIFIED","130",""
"SURVEY","1990","YEAR","","COUNTY","MINNESOTA","27","CENTRAL","50","STEARNS","145","","","00000000","","CORN","CORN, GRAIN - YIELD, MEASURED IN BU / NET PLANTED ACRE","TOTAL","NOT SPECIFIED","113",""
"SURVEY","1990","YEAR","","COUNTY","MINNESOTA","27","CENTRAL","50","TODD","153","","","00000000","","CORN","CORN, GRAIN - YIELD, MEASURED IN BU / NET PLANTED ACRE","TOTAL","NOT SPECIFIED","90.5",""
"SURVEY","1990","YEAR","","COUNTY","MINNESOTA","27","CENTRAL","50","WADENA","159","","","00000000","","CORN","CORN, GRAIN - YIELD, MEASURED IN BU / NET PLANTED ACRE","TOTAL","NOT SPECIFIED","73.3",""
"SURVEY","1990","YEAR","","COUNTY","MINNESOTA","27","CENTRAL","50","WRIGHT","171","","","00000000","","CORN","CORN, GRAIN - YIELD, MEASURED IN BU / NET PLANTED ACRE","TOTAL","NOT SPECIFIED","121",""
"SURVEY","1990","YEAR","","COUNTY","MINNESOTA","27","EAST CENTRAL","60","AITKIN","001","","","00000000","","CORN","CORN, GRAIN - YIELD, MEASURED IN BU / NET PLANTED ACRE","TOTAL","NOT SPECIFIED","73",""
"SURVEY","1990","YEAR","","COUNTY","MINNESOTA","27","EAST CENTRAL","60","ANOKA","003","","","00000000","","CORN","CORN, GRAIN - YIELD, MEASURED IN BU / NET PLANTED ACRE","TOTAL","NOT SPECIFIED","93.9",""
"SURVEY","1990","YEAR","","COUNTY","MINNESOTA","27","EAST CENTRAL","60","CHISAGO","025","","","00000000","","CORN","CORN, GRAIN - YIELD, MEASURED IN BU / NET PLANTED ACRE","TOTAL","NOT SPECIFIED","101",""
"SURVEY","1990","YEAR","","COUNTY","MINNESOTA","27","EAST CENTRAL","60","CROW WING","035","","","00000000","","CORN","CORN, GRAIN - YIELD, MEASURED IN BU / NET PLANTED ACRE","TOTAL","NOT SPECIFIED","75.2",""
"SURVEY","1990","YEAR","","COUNTY","MINNESOTA","27","EAST CENTRAL","60","HENNEPIN","053","","","00000000","","CORN","CORN, GRAIN - YIELD, MEASURED IN BU / NET PLANTED ACRE","TOTAL","NOT SPECIFIED","115",""
"SURVEY","1990","YEAR","","COUNTY","MINNESOTA","27","EAST CENTRAL","60","ISANTI","059","","","00000000","","CORN","CORN, GRAIN - YIELD, MEASURED IN BU / NET PLANTED ACRE","TOTAL","NOT SPECIFIED","103",""
"SURVEY","1990","YEAR","","COUNTY","MINNESOTA","27","EAST CENTRAL","60","KANABEC","065","","","00000000","","CORN","CORN, GRAIN - YIELD, MEASURED IN BU / NET PLANTED ACRE","TOTAL","NOT SPECIFIED","97.9",""
"SURVEY","1990","YEAR","","COUNTY","MINNESOTA","27","EAST CENTRAL","60","MILLE LACS","095","","","00000000","","CORN","CORN, GRAIN - YIELD, MEASURED IN BU / NET PLANTED ACRE","TOTAL","NOT SPECIFIED","94.1",""
"SURVEY","1990","YEAR","","COUNTY","MINNESOTA","27","EAST CENTRAL","60","OTHER (COMBINED) COUNTIES","","","","00000000","","CORN","CORN, GRAIN - YIELD, MEASURED IN BU / NET PLANTED ACRE","TOTAL","NOT SPECIFIED","75.2",""
"SURVEY","1990","YEAR","","COUNTY","MINNESOTA","27","EAST CENTRAL","60","PINE","115","","","00000000","","CORN","CORN, GRAIN - YIELD, MEASURED IN BU / NET PLANTED ACRE","TOTAL","NOT SPECIFIED","84.3",""
"SURVEY","1990","YEAR","","COUNTY","MINNESOTA","27","EAST CENTRAL","60","WASHINGTON","163","","","00000000","","CORN","CORN, GRAIN - YIELD, MEASURED IN BU / NET PLANTED ACRE","TOTAL","NOT SPECIFIED","122",""
"SURVEY","1990","YEAR","","COUNTY","MINNESOTA","27","NORTH CENTRAL","20","BELTRAMI","007","","","00000000","","CORN","CORN, GRAIN - YIELD, MEASURED IN BU / NET PLANTED ACRE","TOTAL","NOT SPECIFIED","62.6",""
"SURVEY","1990","YEAR","","COUNTY","MINNESOTA","27","NORTH CENTRAL","20","CASS","021","","","00000000","","CORN","CORN, GRAIN - YIELD, MEASURED IN BU / NET PLANTED ACRE","TOTAL","NOT SPECIFIED","52.7",""
"SURVEY","1990","YEAR","","COUNTY","MINNESOTA","27","NORTH CENTRAL","20","HUBBARD","057","","","00000000","","CORN","CORN, GRAIN - YIELD, MEASURED IN BU / NET PLANTED ACRE","TOTAL","NOT SPECIFIED","101",""
"SURVEY","1990","YEAR","","COUNTY","MINNESOTA","27","NORTH CENTRAL","20","OTHER (COMBINED) COUNTIES","","","","00000000","","CORN","CORN, GRAIN - YIELD, MEASURED IN BU / NET PLANTED ACRE","TOTAL","NOT SPECIFIED","60.4",""
"SURVEY","1990","YEAR","","COUNTY","MINNESOTA","27","NORTHWEST","10","BECKER","005","","","00000000","","CORN","CORN, GRAIN - YIELD, MEASURED IN BU / NET PLANTED ACRE","TOTAL","NOT SPECIFIED","67",""
"SURVEY","1990","YEAR","","COUNTY","MINNESOTA","27","NORTHWEST","10","CLAY","027","","","00000000","","CORN","CORN, GRAIN - YIELD, MEASURED IN BU / NET PLANTED ACRE","TOTAL","NOT SPECIFIED","81.3",""
"SURVEY","1990","YEAR","","COUNTY","MINNESOTA","27","NORTHWEST","10","CLEARWATER","029","","","00000000","","CORN","CORN, GRAIN - YIELD, MEASURED IN BU / NET PLANTED ACRE","TOTAL","NOT SPECIFIED","74.3",""
"SURVEY","1990","YEAR","","COUNTY","MINNESOTA","27","NORTHWEST","10","KITTSON","069","","","00000000","","CORN","CORN, GRAIN - YIELD, MEASURED IN BU / NET PLANTED ACRE","TOTAL","NOT SPECIFIED","58",""
"SURVEY","1990","YEAR","","COUNTY","MINNESOTA","27","NORTHWEST","10","MAHNOMEN","087","","","00000000","","CORN","CORN, GRAIN - YIELD, MEASURED IN BU / NET PLANTED ACRE","TOTAL","NOT SPECIFIED","64.7",""
"SURVEY","1990","YEAR","","COUNTY","MINNESOTA","27","NORTHWEST","10","MARSHALL","089","","","00000000","","CORN","CORN, GRAIN - YIELD, MEASURED IN BU / NET PLANTED ACRE","TOTAL","NOT SPECIFIED","42.3",""
"SURVEY","1990","YEAR","","COUNTY","MINNESOTA","27","NORTHWEST","10","NORMAN","107","","","00000000","","CORN","CORN, GRAIN - YIELD, MEASURED IN BU / NET PLANTED ACRE","TOTAL","NOT SPECIFIED","67.7",""
"SURVEY","1990","YEAR","","COUNTY","MINNESOTA","27","NORTHWEST","10","PENNINGTON","113","","","00000000","","CORN","CORN, GRAIN - YIELD, MEASURED IN BU / NET PLANTED ACRE","TOTAL","NOT SPECIFIED","64.8",""
"SURVEY","1990","YEAR","","COUNTY","MINNESOTA","27","NORTHWEST","10","POLK","119","","","00000000","","CORN","CORN, GRAIN - YIELD, MEASURED IN BU / NET PLANTED ACRE","TOTAL","NOT SPECIFIED","66.2",""
"SURVEY","1990","YEAR","","COUNTY","MINNESOTA","27","NORTHWEST","10","RED LAKE","125","","","00000000","","CORN","CORN, GRAIN - YIELD, MEASURED IN BU / NET PLANTED ACRE","TOTAL","NOT SPECIFIED","69.8",""
"SURVEY","1990","YEAR","","COUNTY","MINNESOTA","27","NORTHWEST","10","ROSEAU","135","","","00000000","","CORN","CORN, GRAIN - YIELD, MEASURED IN BU / NET PLANTED ACRE","TOTAL","NOT SPECIFIED","85",""
"SURVEY","1990","YEAR","","COUNTY","MINNESOTA","27","SOUTH CENTRAL","80","BLUE EARTH","013","","","00000000","","CORN","CORN, GRAIN - YIELD, MEASURED IN BU / NET PLANTED ACRE","TOTAL","NOT SPECIFIED","135",""
"SURVEY","1990","YEAR","","COUNTY","MINNESOTA","27","SOUTH CENTRAL","80","BROWN","015","","","00000000","","CORN","CORN, GRAIN - YIELD, MEASURED IN BU / NET PLANTED ACRE","TOTAL","NOT SPECIFIED","131",""
"SURVEY","1990","YEAR","","COUNTY","MINNESOTA","27","SOUTH CENTRAL","80","FARIBAULT","043","","","00000000","","CORN","CORN, GRAIN - YIELD, MEASURED IN BU / NET PLANTED ACRE","TOTAL","NOT SPECIFIED","140",""
"SURVEY","1990","YEAR","","COUNTY","MINNESOTA","27","SOUTH CENTRAL","80","FREEBORN","047","","","00000000","","CORN","CORN, GRAIN - YIELD, MEASURED IN BU / NET PLANTED ACRE","TOTAL","NOT SPECIFIED","139",""
"SURVEY","1990","YEAR","","COUNTY","MINNESOTA","27","SOUTH CENTRAL","80","LE SUEUR","079","","","00000000","","CORN","CORN, GRAIN - YIELD, MEASURED IN BU / NET PLANTED ACRE","TOTAL","NOT SPECIFIED","136",""
"SURVEY","1990","YEAR","","COUNTY","MINNESOTA","27","SOUTH CENTRAL","80","MARTIN","091","","","00000000","","CORN","CORN, GRAIN - YIELD, MEASURED IN BU / NET PLANTED ACRE","TOTAL","NOT SPECIFIED","137",""
"SURVEY","1990","YEAR","","COUNTY","MINNESOTA","27","SOUTH CENTRAL","80","NICOLLET","103","","","00000000","","CORN","CORN, GRAIN - YIELD, MEASURED IN BU / NET PLANTED ACRE","TOTAL","NOT SPECIFIED","137",""
"SURVEY","1990","YEAR","","COUNTY","MINNESOTA","27","SOUTH CENTRAL","80","RICE","131","","","00000000","","CORN","CORN, GRAIN - YIELD, MEASURED IN BU / NET PLANTED ACRE","TOTAL","NOT SPECIFIED","136",""
"SURVEY","1990","YEAR","","COUNTY","MINNESOTA","27","SOUTH CENTRAL","80","STEELE","147","","","00000000","","CORN","CORN, GRAIN - YIELD, MEASURED IN BU / NET PLANTED ACRE","TOTAL","NOT SPECIFIED","134",""
"SURVEY","1990","YEAR","","COUNTY","MINNESOTA","27","SOUTH CENTRAL","80","WASECA","161","","","00000000","","CORN","CORN, GRAIN - YIELD, MEASURED IN BU / NET PLANTED ACRE","TOTAL","NOT SPECIFIED","134",""
"SURVEY","1990","YEAR","","COUNTY","MINNESOTA","27","SOUTH CENTRAL","80","WATONWAN","165","","","00000000","","CORN","CORN, GRAIN - YIELD, MEASURED IN BU / NET PLANTED ACRE","TOTAL","NOT SPECIFIED","133",""
"SURVEY","1990","YEAR","","COUNTY","MINNESOTA","27","SOUTHEAST","90","DAKOTA","037","","","00000000","","CORN","CORN, GRAIN - YIELD, MEASURED IN BU / NET PLANTED ACRE","TOTAL","NOT SPECIFIED","137",""
"SURVEY","1990","YEAR","","COUNTY","MINNESOTA","27","SOUTHEAST","90","DODGE","039","","","00000000","","CORN","CORN, GRAIN - YIELD, MEASURED IN BU / NET PLANTED ACRE","TOTAL","NOT SPECIFIED","129",""
"SURVEY","1990","YEAR","","COUNTY","MINNESOTA","27","SOUTHEAST","90","FILLMORE","045","","","00000000","","CORN","CORN, GRAIN - YIELD, MEASURED IN BU / NET PLANTED ACRE","TOTAL","NOT SPECIFIED","130",""
"SURVEY","1990","YEAR","","COUNTY","MINNESOTA","27","SOUTHEAST","90","GOODHUE","049","","","00000000","","CORN","CORN, GRAIN - YIELD, MEASURED IN BU / NET PLANTED ACRE","TOTAL","NOT SPECIFIED","138",""
"SURVEY","1990","YEAR","","COUNTY","MINNESOTA","27","SOUTHEAST","90","HOUSTON","055","","","00000000","","CORN","CORN, GRAIN - YIELD, MEASURED IN BU / NET PLANTED ACRE","TOTAL","NOT SPECIFIED","142",""
"SURVEY","1990","YEAR","","COUNTY","MINNESOTA","27","SOUTHEAST","90","MOWER","099","","","00000000","","CORN","CORN, GRAIN - YIELD, MEASURED IN BU / NET PLANTED ACRE","TOTAL","NOT SPECIFIED","138",""
"SURVEY","1990","YEAR","","COUNTY","MINNESOTA","27","SOUTHEAST","90","OLMSTED","109","","","00000000","","CORN","CORN, GRAIN - YIELD, MEASURED IN BU / NET PLANTED ACRE","TOTAL","NOT SPECIFIED","134",""
"SURVEY","1990","YEAR","","COUNTY","MINNESOTA","27","SOUTHEAST","90","WABASHA","157","","","00000000","","CORN","CORN, GRAIN - YIELD, MEASURED IN BU / NET PLANTED ACRE","TOTAL","NOT SPECIFIED","140",""
"SURVEY","1990","YEAR","","COUNTY","MINNESOTA","27","SOUTHEAST","90","WINONA","169","","","00000000","","CORN","CORN, GRAIN - YIELD, MEASURED IN BU / NET PLANTED ACRE","TOTAL","NOT SPECIFIED","135",""
"SURVEY","1990","YEAR","","COUNTY","MINNESOTA","27","SOUTHWEST","70","COTTONWOOD","033","","","00000000","","CORN","CORN, GRAIN - YIELD, MEASURED IN BU / NET PLANTED ACRE","TOTAL","NOT SPECIFIED","123",""
"SURVEY","1990","YEAR","","COUNTY","MINNESOTA","27","SOUTHWEST","70","JACKSON","063","","","00000000","","CORN","CORN, GRAIN - YIELD, MEASURED IN BU / NET PLANTED ACRE","TOTAL","NOT SPECIFIED","132",""
"SURVEY","1990","YEAR","","COUNTY","MINNESOTA","27","SOUTHWEST","70","LINCOLN","081","","","00000000","","CORN","CORN, GRAIN - YIELD, MEASURED IN BU / NET PLANTED ACRE","TOTAL","NOT SPECIFIED","108",""
"SURVEY","1990","YEAR","","COUNTY","MINNESOTA","27","SOUTHWEST","70","LYON","083","","","00000000","","CORN","CORN, GRAIN - YIELD, MEASURED IN BU / NET PLANTED ACRE","TOTAL","NOT SPECIFIED","113",""
"SURVEY","1990","YEAR","","COUNTY","MINNESOTA","27","SOUTHWEST","70","MURRAY","101","","","00000000","","CORN","CORN, GRAIN - YIELD, MEASURED IN BU / NET PLANTED ACRE","TOTAL","NOT SPECIFIED","113",""
"SURVEY","1990","YEAR","","COUNTY","MINNESOTA","27","SOUTHWEST","70","NOBLES","105","","","00000000","","CORN","CORN, GRAIN - YIELD, MEASURED IN BU / NET PLANTED ACRE","TOTAL","NOT SPECIFIED","122",""
"SURVEY","1990","YEAR","","COUNTY","MINNESOTA","27","SOUTHWEST","70","PIPESTONE","117","","","00000000","","CORN","CORN, GRAIN - YIELD, MEASURED IN BU / NET PLANTED ACRE","TOTAL","NOT SPECIFIED","109",""
"SURVEY","1990","YEAR","","COUNTY","MINNESOTA","27","SOUTHWEST","70","REDWOOD","127","","","00000000","","CORN","CORN, GRAIN - YIELD, MEASURED IN BU / NET PLANTED ACRE","TOTAL","NOT SPECIFIED","126",""
"SURVEY","1990","YEAR","","COUNTY","MINNESOTA","27","SOUTHWEST","70","ROCK","133","","","00000000","","CORN","CORN, GRAIN - YIELD, MEASURED IN BU / NET PLANTED ACRE","TOTAL","NOT SPECIFIED","118",""
"SURVEY","1990","YEAR","","COUNTY","MINNESOTA","27","WEST CENTRAL","40","BIG STONE","011","","","00000000","","CORN","CORN, GRAIN - YIELD, MEASURED IN BU / NET PLANTED ACRE","TOTAL","NOT SPECIFIED","101",""
"SURVEY","1990","YEAR","","COUNTY","MINNESOTA","27","WEST CENTRAL","40","CHIPPEWA","023","","","00000000","","CORN","CORN, GRAIN - YIELD, MEASURED IN BU / NET PLANTED ACRE","TOTAL","NOT SPECIFIED","121",""
"SURVEY","1990","YEAR","","COUNTY","MINNESOTA","27","WEST CENTRAL","40","DOUGLAS","041","","","00000000","","CORN","CORN, GRAIN - YIELD, MEASURED IN BU / NET PLANTED ACRE","TOTAL","NOT SPECIFIED","90",""
"SURVEY","1990","YEAR","","COUNTY","MINNESOTA","27","WEST CENTRAL","40","GRANT","051","","","00000000","","CORN","CORN, GRAIN - YIELD, MEASURED IN BU / NET PLANTED ACRE","TOTAL","NOT SPECIFIED","92.5",""
"SURVEY","1990","YEAR","","COUNTY","MINNESOTA","27","WEST CENTRAL","40","LAC QUI PARLE","073","","","00000000","","CORN","CORN, GRAIN - YIELD, MEASURED IN BU / NET PLANTED ACRE","TOTAL","NOT SPECIFIED","114",""
"SURVEY","1990","YEAR","","COUNTY","MINNESOTA","27","WEST CENTRAL","40","OTTER TAIL","111","","","00000000","","CORN","CORN, GRAIN - YIELD, MEASURED IN BU / NET PLANTED ACRE","TOTAL","NOT SPECIFIED","87.8",""
"SURVEY","1990","YEAR","","COUNTY","MINNESOTA","27","WEST CENTRAL","40","POPE","121","","","00000000","","CORN","CORN, GRAIN - YIELD, MEASURED IN BU / NET PLANTED ACRE","TOTAL","NOT SPECIFIED","112",""
"SURVEY","1990","YEAR","","COUNTY","MINNESOTA","27","WEST CENTRAL","40","STEVENS","149","","","00000000","","CORN","CORN, GRAIN - YIELD, MEASURED IN BU / NET PLANTED ACRE","TOTAL","NOT SPECIFIED","112",""
"SURVEY","1990","YEAR","","COUNTY","MINNESOTA","27","WEST CENTRAL","40","SWIFT","151","","","00000000","","CORN","CORN, GRAIN - YIELD, MEASURED IN BU / NET PLANTED ACRE","TOTAL","NOT SPECIFIED","115",""
"SURVEY","1990","YEAR","","COUNTY","MINNESOTA","27","WEST CENTRAL","40","TRAVERSE","155","","","00000000","","CORN","CORN, GRAIN - YIELD, MEASURED IN BU / NET PLANTED ACRE","TOTAL","NOT SPECIFIED","109",""
"SURVEY","1990","YEAR","","COUNTY","MINNESOTA","27","WEST CENTRAL","40","WILKIN","167","","","00000000","","CORN","CORN, GRAIN - YIELD, MEASURED IN BU / NET PLANTED ACRE","TOTAL","NOT SPECIFIED","77",""
"SURVEY","1990","YEAR","","COUNTY","MINNESOTA","27","WEST CENTRAL","40","YELLOW MEDICINE","173","","","00000000","","CORN","CORN, GRAIN - YIELD, MEASURED IN BU / NET PLANTED ACRE","TOTAL","NOT SPECIFIED","118",""
"SURVEY","1990","YEAR","","COUNTY","NEBRASKA","31","CENTRAL","50","BUFFALO","019","","","00000000","","CORN","CORN, GRAIN - YIELD, MEASURED IN BU / NET PLANTED ACRE","TOTAL","NOT SPECIFIED","141.4",""
"SURVEY","1990","YEAR","","COUNTY","NEBRASKA","31","CENTRAL","50","CUSTER","041","","","00000000","","CORN","CORN, GRAIN - YIELD, MEASURED IN BU / NET PLANTED ACRE","TOTAL","NOT SPECIFIED","124",""
"SURVEY","1990","YEAR","","COUNTY","NEBRASKA","31","CENTRAL","50","DAWSON","047","","","00000000","","CORN","CORN, GRAIN - YIELD, MEASURED IN BU / NET PLANTED ACRE","TOTAL","NOT SPECIFIED","151.7",""
"SURVEY","1990","YEAR","","COUNTY","NEBRASKA","31","CENTRAL","50","GREELEY","077","","","00000000","","CORN","CORN, GRAIN - YIELD, MEASURED IN BU / NET PLANTED ACRE","TOTAL","NOT SPECIFIED","113.2",""
"SURVEY","1990","YEAR","","COUNTY","NEBRASKA","31","CENTRAL","50","HALL","079","","","00000000","","CORN","CORN, GRAIN - YIELD, MEASURED IN BU / NET PLANTED ACRE","TOTAL","NOT SPECIFIED","142.3",""
"SURVEY","1990","YEAR","","COUNTY","NEBRASKA","31","CENTRAL","50","HOWARD","093","","","00000000","","CORN","CORN, GRAIN - YIELD, MEASURED IN BU / NET PLANTED ACRE","TOTAL","NOT SPECIFIED","128.8",""
"SURVEY","1990","YEAR","","COUNTY","NEBRASKA","31","CENTRAL","50","SHERMAN","163","","","00000000","","CORN","CORN, GRAIN - YIELD, MEASURED IN BU / NET PLANTED ACRE","TOTAL","NOT SPECIFIED","117.6",""
"SURVEY","1990","YEAR","","COUNTY","NEBRASKA","31","CENTRAL","50","VALLEY","175","","","00000000","","CORN","CORN, GRAIN - YIELD, MEASURED IN BU / NET PLANTED ACRE","TOTAL","NOT SPECIFIED","130.3",""
"SURVEY","1990","YEAR","","COUNTY","NEBRASKA","31","EAST","60","BUTLER","023","","","00000000","","CORN","CORN, GRAIN - YIELD, MEASURED IN BU / NET PLANTED ACRE","TOTAL","NOT SPECIFIED","124",""
"SURVEY","1990","YEAR","","COUNTY","NEBRASKA","31","EAST","60","CASS","025","","","00000000","","CORN","CORN, GRAIN - YIELD, MEASURED IN BU / NET PLANTED ACRE","TOTAL","NOT SPECIFIED","107.9",""
"SURVEY","1990","YEAR","","COUNTY","NEBRASKA","31","EAST","60","COLFAX","037","","","00000000","","CORN","CORN, GRAIN - YIELD, MEASURED IN BU / NET PLANTED ACRE","TOTAL","NOT SPECIFIED","102.4",""
"SURVEY","1990","YEAR","","COUNTY","NEBRASKA","31","EAST","60","DODGE","053","","","00000000","","CORN","CORN, GRAIN - YIELD, MEASURED IN BU / NET PLANTED ACRE","TOTAL","NOT SPECIFIED","106.4",""
"SURVEY","1990","YEAR","","COUNTY","NEBRASKA","31","EAST","60","DOUGLAS","055","","","00000000","","CORN","CORN, GRAIN - YIELD, MEASURED IN BU / NET PLANTED ACRE","TOTAL","NOT SPECIFIED","113.3",""
"SURVEY","1990","YEAR","","COUNTY","NEBRASKA","31","EAST","60","HAMILTON","081","","","00000000","","CORN","CORN, GRAIN - YIELD, MEASURED IN BU / NET PLANTED ACRE","TOTAL","NOT SPECIFIED","151.5",""
"SURVEY","1990","YEAR","","COUNTY","NEBRASKA","31","EAST","60","LANCASTER","109","","","00000000","","CORN","CORN, GRAIN - YIELD, MEASURED IN BU / NET PLANTED ACRE","TOTAL","NOT SPECIFIED","110.4",""
"SURVEY","1990","YEAR","","COUNTY","NEBRASKA","31","EAST","60","MERRICK","121","","","00000000","","CORN","CORN, GRAIN - YIELD, MEASURED IN BU / NET PLANTED ACRE","TOTAL","NOT SPECIFIED","137.1",""
"SURVEY","1990","YEAR","","COUNTY","NEBRASKA","31","EAST","60","NANCE","125","","","00000000","","CORN","CORN, GRAIN - YIELD, MEASURED IN BU / NET PLANTED ACRE","TOTAL","NOT SPECIFIED","117.6",""
"SURVEY","1990","YEAR","","COUNTY","NEBRASKA","31","EAST","60","PLATTE","141","","","00000000","","CORN","CORN, GRAIN - YIELD, MEASURED IN BU / NET PLANTED ACRE","TOTAL","NOT SPECIFIED","114.3",""
"SURVEY","1990","YEAR","","COUNTY","NEBRASKA","31","EAST","60","POLK","143","","","00000000","","CORN","CORN, GRAIN - YIELD, MEASURED IN BU / NET PLANTED ACRE","TOTAL","NOT SPECIFIED","141.2",""
"SURVEY","1990","YEAR","","COUNTY","NEBRASKA","31","EAST","60","SARPY","153","","","00000000","","CORN","CORN, GRAIN - YIELD, MEASURED IN BU / NET PLANTED ACRE","TOTAL","NOT SPECIFIED","114.1",""
"SURVEY","1990","YEAR","","COUNTY","NEBRASKA","31","EAST","60","SAUNDERS","155","","","00000000","","CORN","CORN, GRAIN - YIELD, MEASURED IN BU / NET PLANTED ACRE","TOTAL","NOT SPECIFIED","105.6",""
"SURVEY","1990","YEAR","","COUNTY","NEBRASKA","31","EAST","60","SEWARD","159","","","00000000","","CORN","CORN, GRAIN - YIELD, MEASURED IN BU / NET PLANTED ACRE","TOTAL","NOT SPECIFIED","150.8",""
"SURVEY","1990","YEAR","","COUNTY","NEBRASKA","31","EAST","60","WASHINGTON","177","","","00000000","","CORN","CORN, GRAIN - YIELD, MEASURED IN BU / NET PLANTED ACRE","TOTAL","NOT SPECIFIED","106.1",""
"SURVEY","1990","YEAR","","COUNTY","NEBRASKA","31","EAST","60","YORK","185","","","00000000","","CORN","CORN, GRAIN - YIELD, MEASURED IN BU / NET PLANTED ACRE","TOTAL","NOT SPECIFIED","159.9",""
"SURVEY","1990","YEAR","","COUNTY","NEBRASKA","31","NORTH","20","ARTHUR","005","","","00000000","","CORN","CORN, GRAIN - YIELD, MEASURED IN BU / NET PLANTED ACRE","TOTAL","NOT SPECIFIED","125",""
"SURVEY","1990","YEAR","","COUNTY","NEBRASKA","31","NORTH","20","BLAINE","009","","","00000000","","CORN","CORN, GRAIN - YIELD, MEASURED IN BU / NET PLANTED ACRE","TOTAL","NOT SPECIFIED","130.8",""
"SURVEY","1990","YEAR","","COUNTY","NEBRASKA","31","NORTH","20","BOYD","015","","","00000000","","CORN","CORN, GRAIN - YIELD, MEASURED IN BU / NET PLANTED ACRE","TOTAL","NOT SPECIFIED","74.4",""
"SURVEY","1990","YEAR","","COUNTY","NEBRASKA","31","NORTH","20","BROWN","017","","","00000000","","CORN","CORN, GRAIN - YIELD, MEASURED IN BU / NET PLANTED ACRE","TOTAL","NOT SPECIFIED","138.3",""
"SURVEY","1990","YEAR","","COUNTY","NEBRASKA","31","NORTH","20","CHERRY","031","","","00000000","","CORN","CORN, GRAIN - YIELD, MEASURED IN BU / NET PLANTED ACRE","TOTAL","NOT SPECIFIED","150.6",""
"SURVEY","1990","YEAR","","COUNTY","NEBRASKA","31","NORTH","20","GARFIELD","071","","","00000000","","CORN","CORN, GRAIN - YIELD, MEASURED IN BU / NET PLANTED ACRE","TOTAL","NOT SPECIFIED","123.7",""
"SURVEY","1990","YEAR","","COUNTY","NEBRASKA","31","NORTH","20","GRANT","075","","","00000000","","CORN","CORN, GRAIN - YIELD, MEASURED IN BU / NET PLANTED ACRE","TOTAL","NOT SPECIFIED","125",""
"SURVEY","1990","YEAR","","COUNTY","NEBRASKA","31","NORTH","20","HOLT","089","","","00000000","","CORN","CORN, GRAIN - YIELD, MEASURED IN BU / NET PLANTED ACRE","TOTAL","NOT SPECIFIED","146.8",""
"SURVEY","1990","YEAR","","COUNTY","NEBRASKA","31","NORTH","20","HOOKER","091","","","00000000","","CORN","CORN, GRAIN - YIELD, MEASURED IN BU / NET PLANTED ACRE","TOTAL","NOT SPECIFIED","131",""
"SURVEY","1990","YEAR","","COUNTY","NEBRASKA","31","NORTH","20","KEYA PAHA","103","","","00000000","","CORN","CORN, GRAIN - YIELD, MEASURED IN BU / NET PLANTED ACRE","TOTAL","NOT SPECIFIED","104.8",""
"SURVEY","1990","YEAR","","COUNTY","NEBRASKA","31","NORTH","20","LOGAN","113","","","00000000","","CORN","CORN, GRAIN - YIELD, MEASURED IN BU / NET PLANTED ACRE","TOTAL","NOT SPECIFIED","115.6",""
"SURVEY","1990","YEAR","","COUNTY","NEBRASKA","31","NORTH","20","LOUP","115","","","00000000","","CORN","CORN, GRAIN - YIELD, MEASURED IN BU / NET PLANTED ACRE","TOTAL","NOT SPECIFIED","123.5",""
"SURVEY","1990","YEAR","","COUNTY","NEBRASKA","31","NORTH","20","MCPHERSON","117","","","00000000","","CORN","CORN, GRAIN - YIELD, MEASURED IN BU / NET PLANTED ACRE","TOTAL","NOT SPECIFIED","127.3",""
"SURVEY","1990","YEAR","","COUNTY","NEBRASKA","31","NORTH","20","ROCK","149","","","00000000","","CORN","CORN, GRAIN - YIELD, MEASURED IN BU / NET PLANTED ACRE","TOTAL","NOT SPECIFIED","144.3",""
"SURVEY","1990","YEAR","","COUNTY","NEBRASKA","31","NORTH","20","THOMAS","171","","","00000000","","CORN","CORN, GRAIN - YIELD, MEASURED IN BU / NET PLANTED ACRE","TOTAL","NOT SPECIFIED","127.3",""
"SURVEY","1990","YEAR","","COUNTY","NEBRASKA","31","NORTH","20","WHEELER","183","","","00000000","","CORN","CORN, GRAIN - YIELD, MEASURED IN BU / NET PLANTED ACRE","TOTAL","NOT SPECIFIED","130.4",""
"SURVEY","1990","YEAR","","COUNTY","NEBRASKA","31","NORTHEAST","30","ANTELOPE","003","","","00000000","","CORN","CORN, GRAIN - YIELD, MEASURED IN BU / NET PLANTED ACRE","TOTAL","NOT SPECIFIED","125.5",""
"SURVEY","1990","YEAR","","COUNTY","NEBRASKA","31","NORTHEAST","30","BOONE","011","","","00000000","","CORN","CORN, GRAIN - YIELD, MEASURED IN BU / NET PLANTED ACRE","TOTAL","NOT SPECIFIED","114.2",""
"SURVEY","1990","YEAR","","COUNTY","NEBRASKA","31","NORTHEAST","30","BURT","021","","","00000000","","CORN","CORN, GRAIN - YIELD, MEASURED IN BU / NET PLANTED ACRE","TOTAL","NOT SPECIFIED","111.2",""
"SURVEY","1990","YEAR","","COUNTY","NEBRASKA","31","NORTHEAST","30","CEDAR","027","","","00000000","","CORN","CORN, GRAIN - YIELD, MEASURED IN BU / NET PLANTED ACRE","TOTAL","NOT SPECIFIED","83.3",""
"SURVEY","1990","YEAR","","COUNTY","NEBRASKA","31","NORTHEAST","30","CUMING","039","","","00000000","","CORN","CORN, GRAIN - YIELD, MEASURED IN BU / NET PLANTED ACRE","TOTAL","NOT SPECIFIED","103.4",""
"SURVEY","1990","YEAR","","COUNTY","NEBRASKA","31","NORTHEAST","30","DAKOTA","043","","","00000000","","CORN","CORN, GRAIN - YIELD, MEASURED IN BU / NET PLANTED ACRE","TOTAL","NOT SPECIFIED","115.4",""
"SURVEY","1990","YEAR","","COUNTY","NEBRASKA","31","NORTHEAST","30","DIXON","051","","","00000000","","CORN","CORN, GRAIN - YIELD, MEASURED IN BU / NET PLANTED ACRE","TOTAL","NOT SPECIFIED","89.4",""
"SURVEY","1990","YEAR","","COUNTY","NEBRASKA","31","NORTHEAST","30","KNOX","107","","","00000000","","CORN","CORN, GRAIN - YIELD, MEASURED IN BU / NET PLANTED ACRE","TOTAL","NOT SPECIFIED","82.9",""
"SURVEY","1990","YEAR","","COUNTY","NEBRASKA","31","NORTHEAST","30","MADISON","119","","","00000000","","CORN","CORN, GRAIN - YIELD, MEASURED IN BU / NET PLANTED ACRE","TOTAL","NOT SPECIFIED","106.4",""
"SURVEY","1990","YEAR","","COUNTY","NEBRASKA","31","NORTHEAST","30","PIERCE","139","","","00000000","","CORN","CORN, GRAIN - YIELD, MEASURED IN BU / NET PLANTED ACRE","TOTAL","NOT SPECIFIED","107.2",""
"SURVEY","1990","YEAR","","COUNTY","NEBRASKA","31","NORTHEAST","30","STANTON","167","","","00000000","","CORN","CORN, GRAIN - YIELD, MEASURED IN BU / NET PLANTED ACRE","TOTAL","NOT SPECIFIED","101.9",""
"SURVEY","1990","YEAR","","COUNTY","NEBRASKA","31","NORTHEAST","30","THURSTON","173","","","00000000","","CORN","CORN, GRAIN - YIELD, MEASURED IN BU / NET PLANTED ACRE","TOTAL","NOT SPECIFIED","103.5",""
"SURVEY","1990","YEAR","","COUNTY","NEBRASKA","31","NORTHEAST","30","WAYNE","179","","","00000000","","CORN","CORN, GRAIN - YIELD, MEASURED IN BU / NET PLANTED ACRE","TOTAL","NOT SPECIFIED","92.2",""
"SURVEY","1990","YEAR","","COUNTY","NEBRASKA","31","NORTHWEST","10","BANNER","007","","","00000000","","CORN","CORN, GRAIN - YIELD, MEASURED IN BU / NET PLANTED ACRE","TOTAL","NOT SPECIFIED","117.2",""
"SURVEY","1990","YEAR","","COUNTY","NEBRASKA","31","NORTHWEST","10","BOX BUTTE","013","","","00000000","","CORN","CORN, GRAIN - YIELD, MEASURED IN BU / NET PLANTED ACRE","TOTAL","NOT SPECIFIED","148.2",""
"SURVEY","1990","YEAR","","COUNTY","NEBRASKA","31","NORTHWEST","10","CHEYENNE","033","","","00000000","","CORN","CORN, GRAIN - YIELD, MEASURED IN BU / NET PLANTED ACRE","TOTAL","NOT SPECIFIED","133.4",""
"SURVEY","1990","YEAR","","COUNTY","NEBRASKA","31","NORTHWEST","10","DAWES","045","","","00000000","","CORN","CORN, GRAIN - YIELD, MEASURED IN BU / NET PLANTED ACRE","TOTAL","NOT SPECIFIED","120.5",""
"SURVEY","1990","YEAR","","COUNTY","NEBRASKA","31","NORTHWEST","10","DEUEL","049","","","00000000","","CORN","CORN, GRAIN - YIELD, MEASURED IN BU / NET PLANTED ACRE","TOTAL","NOT SPECIFIED","134.8",""
"SURVEY","1990","YEAR","","COUNTY","NEBRASKA","31","NORTHWEST","10","GARDEN","069","","","00000000","","CORN","CORN, GRAIN - YIELD, MEASURED IN BU / NET PLANTED ACRE","TOTAL","NOT SPECIFIED","133.5",""
"SURVEY","1990","YEAR","","COUNTY","NEBRASKA","31","NORTHWEST","10","KIMBALL","105","","","00000000","","CORN","CORN, GRAIN - YIELD, MEASURED IN BU / NET PLANTED ACRE","TOTAL","NOT SPECIFIED","111.7",""
"SURVEY","1990","YEAR","","COUNTY","NEBRASKA","31","NORTHWEST","10","MORRILL","123","","","00000000","","CORN","CORN, GRAIN - YIELD, MEASURED IN BU / NET PLANTED ACRE","TOTAL","NOT SPECIFIED","130.2",""
"SURVEY","1990","YEAR","","COUNTY","NEBRASKA","31","NORTHWEST","10","SCOTTS BLUFF","157","","","00000000","","CORN","CORN, GRAIN - YIELD, MEASURED IN BU / NET PLANTED ACRE","TOTAL","NOT SPECIFIED","141.7",""
"SURVEY","1990","YEAR","","COUNTY","NEBRASKA","31","NORTHWEST","10","SHERIDAN","161","","","00000000","","CORN","CORN, GRAIN - YIELD, MEASURED IN BU / NET PLANTED ACRE","TOTAL","NOT SPECIFIED","130.7",""
"SURVEY","1990","YEAR","","COUNTY","NEBRASKA","31","NORTHWEST","10","SIOUX","165","","","00000000","","CORN","CORN, GRAIN - YIELD, MEASURED IN BU / NET PLANTED ACRE","TOTAL","NOT SPECIFIED","148.5",""
"SURVEY","1990","YEAR","","COUNTY","NEBRASKA","31","SOUTH","80","ADAMS","001","","","00000000","","CORN","CORN, GRAIN - YIELD, MEASURED IN BU / NET PLANTED ACRE","TOTAL","NOT SPECIFIED","153.4",""
"SURVEY","1990","YEAR","","COUNTY","NEBRASKA","31","SOUTH","80","FRANKLIN","061","","","00000000","","CORN","CORN, GRAIN - YIELD, MEASURED IN BU / NET PLANTED ACRE","TOTAL","NOT SPECIFIED","144.8",""
"SURVEY","1990","YEAR","","COUNTY","NEBRASKA","31","SOUTH","80","FURNAS","065","","","00000000","","CORN","CORN, GRAIN - YIELD, MEASURED IN BU / NET PLANTED ACRE","TOTAL","NOT SPECIFIED","107.7",""
"SURVEY","1990","YEAR","","COUNTY","NEBRASKA","31","SOUTH","80","GOSPER","073","","","00000000","","CORN","CORN, GRAIN - YIELD, MEASURED IN BU / NET PLANTED ACRE","TOTAL","NOT SPECIFIED","147.2",""
"SURVEY","1990","YEAR","","COUNTY","NEBRASKA","31","SOUTH","80","HARLAN","083","","","00000000","","CORN","CORN, GRAIN - YIELD, MEASURED IN BU / NET PLANTED ACRE","TOTAL","NOT SPECIFIED","150.2",""
"SURVEY","1990","YEAR","","COUNTY","NEBRASKA","31","SOUTH","80","KEARNEY","099","","","00000000","","CORN","CORN, GRAIN - YIELD, MEASURED IN BU / NET PLANTED ACRE","TOTAL","NOT SPECIFIED","152.4",""
"SURVEY","1990","YEAR","","COUNTY","NEBRASKA","31","SOUTH","80","PHELPS","137","","","00000000","","CORN","CORN, GRAIN - YIELD, MEASURED IN BU / NET PLANTED ACRE","TOTAL","NOT SPECIFIED","165.4",""
"SURVEY","1990","YEAR","","COUNTY","NEBRASKA","31","SOUTH","80","WEBSTER","181","","","00000000","","CORN","CORN, GRAIN - YIELD, MEASURED IN BU / NET PLANTED ACRE","TOTAL","NOT SPECIFIED","139.7",""
"SURVEY","1990","YEAR","","COUNTY","NEBRASKA","31","SOUTHEAST","90","CLAY","035","","","00000000","","CORN","CORN, GRAIN - YIELD, MEASURED IN BU / NET PLANTED ACRE","TOTAL","NOT SPECIFIED","150.7",""
"SURVEY","1990","YEAR","","COUNTY","NEBRASKA","31","SOUTHEAST","90","FILLMORE","059","","","00000000","","CORN","CORN, GRAIN - YIELD, MEASURED IN BU / NET PLANTED ACRE","TOTAL","NOT SPECIFIED","138.1",""
"SURVEY","1990","YEAR","","COUNTY","NEBRASKA","31","SOUTHEAST","90","GAGE","067","","","00000000","","CORN","CORN, GRAIN - YIELD, MEASURED IN BU / NET PLANTED ACRE","TOTAL","NOT SPECIFIED","118.6",""
"SURVEY","1990","YEAR","","COUNTY","NEBRASKA","31","SOUTHEAST","90","JEFFERSON","095","","","00000000","","CORN","CORN, GRAIN - YIELD, MEASURED IN BU / NET PLANTED ACRE","TOTAL","NOT SPECIFIED","125.9",""
"SURVEY","1990","YEAR","","COUNTY","NEBRASKA","31","SOUTHEAST","90","JOHNSON","097","","","00000000","","CORN","CORN, GRAIN - YIELD, MEASURED IN BU / NET PLANTED ACRE","TOTAL","NOT SPECIFIED","98.9",""
"SURVEY","1990","YEAR","","COUNTY","NEBRASKA","31","SOUTHEAST","90","NEMAHA","127","","","00000000","","CORN","CORN, GRAIN - YIELD, MEASURED IN BU / NET PLANTED ACRE","TOTAL","NOT SPECIFIED","97.3",""
"SURVEY","1990","YEAR","","COUNTY","NEBRASKA","31","SOUTHEAST","90","NUCKOLLS","129","","","00000000","","CORN","CORN, GRAIN - YIELD, MEASURED IN BU / NET PLANTED ACRE","TOTAL","NOT SPECIFIED","132.1",""
"SURVEY","1990","YEAR","","COUNTY","NEBRASKA","31","SOUTHEAST","90","OTOE","131","","","00000000","","CORN","CORN, GRAIN - YIELD, MEASURED IN BU / NET PLANTED ACRE","TOTAL","NOT SPECIFIED","103.8",""
"SURVEY","1990","YEAR","","COUNTY","NEBRASKA","31","SOUTHEAST","90","PAWNEE","133","","","00000000","","CORN","CORN, GRAIN - YIELD, MEASURED IN BU / NET PLANTED ACRE","TOTAL","NOT SPECIFIED","91.4",""
"SURVEY","1990","YEAR","","COUNTY","NEBRASKA","31","SOUTHEAST","90","RICHARDSON","147","","","00000000","","CORN","CORN, GRAIN - YIELD, MEASURED IN BU / NET PLANTED ACRE","TOTAL","NOT SPECIFIED","107.2",""
"SURVEY","1990","YEAR","","COUNTY","NEBRASKA","31","SOUTHEAST","90","SALINE","151","","","00000000","","CORN","CORN, GRAIN - YIELD, MEASURED IN BU / NET PLANTED ACRE","TOTAL","NOT SPECIFIED","126.4",""
"SURVEY","1990","YEAR","","COUNTY","NEBRASKA","31","SOUTHEAST","90","THAYER","169","","","00000000","","CORN","CORN, GRAIN - YIELD, MEASURED IN BU / NET PLANTED ACRE","TOTAL","NOT SPECIFIED","138",""
"SURVEY","1990","YEAR","","COUNTY","NEBRASKA","31","SOUTHWEST","70","CHASE","029","","","00000000","","CORN","CORN, GRAIN - YIELD, MEASURED IN BU / NET PLANTED ACRE","TOTAL","NOT SPECIFIED","148.7",""
"SURVEY","1990","YEAR","","COUNTY","NEBRASKA","31","SOUTHWEST","70","DUNDY","057","","","00000000","","CORN","CORN, GRAIN - YIELD, MEASURED IN BU / NET PLANTED ACRE","TOTAL","NOT SPECIFIED","137.1",""
"SURVEY","1990","YEAR","","COUNTY","NEBRASKA","31","SOUTHWEST","70","FRONTIER","063","","","00000000","","CORN","CORN, GRAIN - YIELD, MEASURED IN BU / NET PLANTED ACRE","TOTAL","NOT SPECIFIED","115.8",""
"SURVEY","1990","YEAR","","COUNTY","NEBRASKA","31","SOUTHWEST","70","HAYES","085","","","00000000","","CORN","CORN, GRAIN - YIELD, MEASURED IN BU / NET PLANTED ACRE","TOTAL","NOT SPECIFIED","100.9",""
"SURVEY","1990","YEAR","","COUNTY","NEBRASKA","31","SOUTHWEST","70","HITCHCOCK","087","","","00000000","","CORN","CORN, GRAIN - YIELD, MEASURED IN BU / NET PLANTED ACRE","TOTAL","NOT SPECIFIED","107.8",""
"SURVEY","1990","YEAR","","COUNTY","NEBRASKA","31","SOUTHWEST","70","KEITH","101","","","00000000","","CORN","CORN, GRAIN - YIELD, MEASURED IN BU / NET PLANTED ACRE","TOTAL","NOT SPECIFIED","136.5",""
"SURVEY","1990","YEAR","","COUNTY","NEBRASKA","31","SOUTHWEST","70","LINCOLN","111","","","00000000","","CORN","CORN, GRAIN - YIELD, MEASURED IN BU / NET PLANTED ACRE","TOTAL","NOT SPECIFIED","126.2",""
"SURVEY","1990","YEAR","","COUNTY","NEBRASKA","31","SOUTHWEST","70","PERKINS","135","","","00000000","","CORN","CORN, GRAIN - YIELD, MEASURED IN BU / NET PLANTED ACRE","TOTAL","NOT SPECIFIED","140.6",""
"SURVEY","1990","YEAR","","COUNTY","NEBRASKA","31","SOUTHWEST","70","RED WILLOW","145","","","00000000","","CORN","CORN, GRAIN - YIELD, MEASURED IN BU / NET PLANTED ACRE","TOTAL","NOT SPECIFIED","118.4",""
"SURVEY","1990","YEAR","","COUNTY","OREGON","41","NORTH CENTRAL","20","MORROW","049","","","00000000","","CORN","CORN, GRAIN - YIELD, MEASURED IN BU / NET PLANTED ACRE","TOTAL","NOT SPECIFIED","163.1",""
"SURVEY","1990","YEAR","","COUNTY","OREGON","41","NORTHEAST","30","UMATILLA","059","","","00000000","","CORN","CORN, GRAIN - YIELD, MEASURED IN BU / NET PLANTED ACRE","TOTAL","NOT SPECIFIED","133.9",""
"SURVEY","1990","YEAR","","COUNTY","OREGON","41","NORTHWEST","10","CLACKAMAS","005","","","00000000","","CORN","CORN, GRAIN - YIELD, MEASURED IN BU / NET PLANTED ACRE","TOTAL","NOT SPECIFIED","20",""
"SURVEY","1990","YEAR","","COUNTY","OREGON","41","NORTHWEST","10","LINN","043","","","00000000","","CORN","CORN, GRAIN - YIELD, MEASURED IN BU / NET PLANTED ACRE","TOTAL","NOT SPECIFIED","6.8",""
"SURVEY","1990","YEAR","","COUNTY","OREGON","41","NORTHWEST","10","POLK","053","","","00000000","","CORN","CORN, GRAIN - YIELD, MEASURED IN BU / NET PLANTED ACRE","TOTAL","NOT SPECIFIED","23.5",""
"SURVEY","1990","YEAR","","COUNTY","OREGON","41","NORTHWEST","10","WASHINGTON","067","","","00000000","","CORN","CORN, GRAIN - YIELD, MEASURED IN BU / NET PLANTED ACRE","TOTAL","NOT SPECIFIED","5.4",""
"SURVEY","1990","YEAR","","COUNTY","OREGON","41","NORTHWEST","10","YAMHILL","071","","","00000000","","CORN","CORN, GRAIN - YIELD, MEASURED IN BU / NET PLANTED ACRE","TOTAL","NOT SPECIFIED","20.6",""
"SURVEY","1990","YEAR","","COUNTY","OREGON","41","SOUTHEAST","80","MALHEUR","045","","","00000000","","CORN","CORN, GRAIN - YIELD, MEASURED IN BU / NET PLANTED ACRE","TOTAL","NOT SPECIFIED","44",""
"SURVEY","1990","YEAR","","COUNTY","PENNSYLVANIA","42","CENTRAL","50","BLAIR","013","","","00000000","","CORN","CORN, GRAIN - YIELD, MEASURED IN BU / NET PLANTED ACRE","TOTAL","NOT SPECIFIED","53.8",""
"SURVEY","1990","YEAR","","COUNTY","PENNSYLVANIA","42","CENTRAL","50","CAMBRIA","021","","","00000000","","CORN","CORN, GRAIN - YIELD, MEASURED IN BU / NET PLANTED ACRE","TOTAL","NOT SPECIFIED","67.3",""
"SURVEY","1990","YEAR","","COUNTY","PENNSYLVANIA","42","CENTRAL","50","CENTRE","027","","","00000000","","CORN","CORN, GRAIN - YIELD, MEASURED IN BU / NET PLANTED ACRE","TOTAL","NOT SPECIFIED","84.2",""
"SURVEY","1990","YEAR","","COUNTY","PENNSYLVANIA","42","CENTRAL","50","CLEARFIELD","033","","","00000000","","CORN","CORN, GRAIN - YIELD, MEASURED IN BU / NET PLANTED ACRE","TOTAL","NOT SPECIFIED","80.2",""
"SURVEY","1990","YEAR","","COUNTY","PENNSYLVANIA","42","CENTRAL","50","COLUMBIA","037","","","00000000","","CORN","CORN, GRAIN - YIELD, MEASURED IN BU / NET PLANTED ACRE","TOTAL","NOT SPECIFIED","85.2",""
"SURVEY","1990","YEAR","","COUNTY","PENNSYLVANIA","42","CENTRAL","50","DAUPHIN","043","","","00000000","","CORN","CORN, GRAIN - YIELD, MEASURED IN BU / NET PLANTED ACRE","TOTAL","NOT SPECIFIED","75.5",""
"SURVEY","1990","YEAR","","COUNTY","PENNSYLVANIA","42","CENTRAL","50","HUNTINGDON","061","","","00000000","","CORN","CORN, GRAIN - YIELD, MEASURED IN BU / NET PLANTED ACRE","TOTAL","NOT SPECIFIED","58.8",""
"SURVEY","1990","YEAR","","COUNTY","PENNSYLVANIA","42","CENTRAL","50","JUNIATA","067","","","00000000","","CORN","CORN, GRAIN - YIELD, MEASURED IN BU / NET PLANTED ACRE","TOTAL","NOT SPECIFIED","85.4",""
"SURVEY","1990","YEAR","","COUNTY","PENNSYLVANIA","42","CENTRAL","50","MIFFLIN","087","","","00000000","","CORN","CORN, GRAIN - YIELD, MEASURED IN BU / NET PLANTED ACRE","TOTAL","NOT SPECIFIED","61.8",""
"SURVEY","1990","YEAR","","COUNTY","PENNSYLVANIA","42","CENTRAL","50","MONTOUR","093","","","00000000","","CORN","CORN, GRAIN - YIELD, MEASURED IN BU / NET PLANTED ACRE","TOTAL","NOT SPECIFIED","88",""
"SURVEY","1990","YEAR","","COUNTY","PENNSYLVANIA","42","CENTRAL","50","NORTHUMBERLAND","097","","","00000000","","CORN","CORN, GRAIN - YIELD, MEASURED IN BU / NET PLANTED ACRE","TOTAL","NOT SPECIFIED","101.3",""
"SURVEY","1990","YEAR","","COUNTY","PENNSYLVANIA","42","CENTRAL","50","PERRY","099","","","00000000","","CORN","CORN, GRAIN - YIELD, MEASURED IN BU / NET PLANTED ACRE","TOTAL","NOT SPECIFIED","77.4",""
"SURVEY","1990","YEAR","","COUNTY","PENNSYLVANIA","42","CENTRAL","50","SNYDER","109","","","00000000","","CORN","CORN, GRAIN - YIELD, MEASURED IN BU / NET PLANTED ACRE","TOTAL","NOT SPECIFIED","92.1",""
"SURVEY","1990","YEAR","","COUNTY","PENNSYLVANIA","42","CENTRAL","50","UNION","119","","","00000000","","CORN","CORN, GRAIN - YIELD, MEASURED IN BU / NET PLANTED ACRE","TOTAL","NOT SPECIFIED","95.9",""
"SURVEY","1990","YEAR","","COUNTY","PENNSYLVANIA","42","EAST CENTRAL","60","CARBON","025","","","00000000","","CORN","CORN, GRAIN - YIELD, MEASURED IN BU / NET PLANTED ACRE","TOTAL","NOT SPECIFIED","85.9",""
"SURVEY","1990","YEAR","","COUNTY","PENNSYLVANIA","42","EAST CENTRAL","60","LEHIGH","077","","","00000000","","CORN","CORN, GRAIN - YIELD, MEASURED IN BU / NET PLANTED ACRE","TOTAL","NOT SPECIFIED","114.2",""
"SURVEY","1990","YEAR","","COUNTY","PENNSYLVANIA","42","EAST CENTRAL","60","LUZERNE","079","","","00000000","","CORN","CORN, GRAIN - YIELD, MEASURED IN BU / NET PLANTED ACRE","TOTAL","NOT SPECIFIED","73.4",""
"SURVEY","1990","YEAR","","COUNTY","PENNSYLVANIA","42","EAST CENTRAL","60","MONROE","089","","","00000000","","CORN","CORN, GRAIN - YIELD, MEASURED IN BU / NET PLANTED ACRE","TOTAL","NOT SPECIFIED","88.7",""
"SURVEY","1990","YEAR","","COUNTY","PENNSYLVANIA","42","EAST CENTRAL","60","NORTHAMPTON","095","","","00000000","","CORN","CORN, GRAIN - YIELD, MEASURED IN BU / NET PLANTED ACRE","TOTAL","NOT SPECIFIED","113.1",""
"SURVEY","1990","YEAR","","COUNTY","PENNSYLVANIA","42","EAST CENTRAL","60","PIKE","103","","","00000000","","CORN","CORN, GRAIN - YIELD, MEASURED IN BU / NET PLANTED ACRE","TOTAL","NOT SPECIFIED","80.8",""
"SURVEY","1990","YEAR","","COUNTY","PENNSYLVANIA","42","EAST CENTRAL","60","SCHUYLKILL","107","","","00000000","","CORN","CORN, GRAIN - YIELD, MEASURED IN BU / NET PLANTED ACRE","TOTAL","NOT SPECIFIED","85.7",""
"SURVEY","1990","YEAR","","COUNTY","PENNSYLVANIA","42","NORTH CENTRAL","20","BRADFORD","015","","","00000000","","CORN","CORN, GRAIN - YIELD, MEASURED IN BU / NET PLANTED ACRE","TOTAL","NOT SPECIFIED","34.6",""
"SURVEY","1990","YEAR","","COUNTY","PENNSYLVANIA","42","NORTH CENTRAL","20","CAMERON","023","","","00000000","","CORN","CORN, GRAIN - YIELD, MEASURED IN BU / NET PLANTED ACRE","TOTAL","NOT SPECIFIED","50.5",""
"SURVEY","1990","YEAR","","COUNTY","PENNSYLVANIA","42","NORTH CENTRAL","20","CLINTON","035","","","00000000","","CORN","CORN, GRAIN - YIELD, MEASURED IN BU / NET PLANTED ACRE","TOTAL","NOT SPECIFIED","83.3",""
"SURVEY","1990","YEAR","","COUNTY","PENNSYLVANIA","42","NORTH CENTRAL","20","ELK","047","","","00000000","","CORN","CORN, GRAIN - YIELD, MEASURED IN BU / NET PLANTED ACRE","TOTAL","NOT SPECIFIED","57.3",""
"SURVEY","1990","YEAR","","COUNTY","PENNSYLVANIA","42","NORTH CENTRAL","20","LYCOMING","081","","","00000000","","CORN","CORN, GRAIN - YIELD, MEASURED IN BU / NET PLANTED ACRE","TOTAL","NOT SPECIFIED","91.7",""
"SURVEY","1990","YEAR","","COUNTY","PENNSYLVANIA","42","NORTH CENTRAL","20","MCKEAN","083","","","00000000","","CORN","CORN, GRAIN - YIELD, MEASURED IN BU / NET PLANTED ACRE","TOTAL","NOT SPECIFIED","22.8",""
"SURVEY","1990","YEAR","","COUNTY","PENNSYLVANIA","42","NORTH CENTRAL","20","POTTER","105","","","00000000","","CORN","CORN, GRAIN - YIELD, MEASURED IN BU / NET PLANTED ACRE","TOTAL","NOT SPECIFIED","19.6",""
"SURVEY","1990","YEAR","","COUNTY","PENNSYLVANIA","42","NORTH CENTRAL","20","SULLIVAN","113","","","00000000","","CORN","CORN, GRAIN - YIELD, MEASURED IN BU / NET PLANTED ACRE","TOTAL","NOT SPECIFIED","33.7",""
"SURVEY","1990","YEAR","","COUNTY","PENNSYLVANIA","42","NORTH CENTRAL","20","TIOGA","117","","","00000000","","CORN","CORN, GRAIN - YIELD, MEASURED IN BU / NET PLANTED ACRE","TOTAL","NOT SPECIFIED","52.3",""
"SURVEY","1990","YEAR","","COUNTY","PENNSYLVANIA","42","NORTHEASTERN","30","LACKAWANNA","069","","","00000000","","CORN","CORN, GRAIN - YIELD, MEASURED IN BU / NET PLANTED ACRE","TOTAL","NOT SPECIFIED","38.8",""
"SURVEY","1990","YEAR","","COUNTY","PENNSYLVANIA","42","NORTHEASTERN","30","SUSQUEHANNA","115","","","00000000","","CORN","CORN, GRAIN - YIELD, MEASURED IN BU / NET PLANTED ACRE","TOTAL","NOT SPECIFIED","22.9",""
"SURVEY","1990","YEAR","","COUNTY","PENNSYLVANIA","42","NORTHEASTERN","30","WAYNE","127","","","00000000","","CORN","CORN, GRAIN - YIELD, MEASURED IN BU / NET PLANTED ACRE","TOTAL","NOT SPECIFIED","25.6",""
"SURVEY","1990","YEAR","","COUNTY","PENNSYLVANIA","42","NORTHEASTERN","30","WYOMING","131","","","00000000","","CORN","CORN, GRAIN - YIELD, MEASURED IN BU / NET PLANTED ACRE","TOTAL","NOT SPECIFIED","45.8",""
"SURVEY","1990","YEAR","","COUNTY","PENNSYLVANIA","42","NORTHWESTERN","10","CRAWFORD","039","","","00000000","","CORN","CORN, GRAIN - YIELD, MEASURED IN BU / NET PLANTED ACRE","TOTAL","NOT SPECIFIED","83.3",""
"SURVEY","1990","YEAR","","COUNTY","PENNSYLVANIA","42","NORTHWESTERN","10","ERIE","049","","","00000000","","CORN","CORN, GRAIN - YIELD, MEASURED IN BU / NET PLANTED ACRE","TOTAL","NOT SPECIFIED","71.7",""
"SURVEY","1990","YEAR","","COUNTY","PENNSYLVANIA","42","NORTHWESTERN","10","FOREST","053","","","00000000","","CORN","CORN, GRAIN - YIELD, MEASURED IN BU / NET PLANTED ACRE","TOTAL","NOT SPECIFIED","50",""
"SURVEY","1990","YEAR","","COUNTY","PENNSYLVANIA","42","NORTHWESTERN","10","MERCER","085","","","00000000","","CORN","CORN, GRAIN - YIELD, MEASURED IN BU / NET PLANTED ACRE","TOTAL","NOT SPECIFIED","95",""
"SURVEY","1990","YEAR","","COUNTY","PENNSYLVANIA","42","NORTHWESTERN","10","VENANGO","121","","","00000000","","CORN","CORN, GRAIN - YIELD, MEASURED IN BU / NET PLANTED ACRE","TOTAL","NOT SPECIFIED","83.1",""
"SURVEY","1990","YEAR","","COUNTY","PENNSYLVANIA","42","NORTHWESTERN","10","WARREN","123","","","00000000","","CORN","CORN, GRAIN - YIELD, MEASURED IN BU / NET PLANTED ACRE","TOTAL","NOT SPECIFIED","25.5",""
"SURVEY","1990","YEAR","","COUNTY","PENNSYLVANIA","42","SOUTH CENTRAL","80","ADAMS","001","","","00000000","","CORN","CORN, GRAIN - YIELD, MEASURED IN BU / NET PLANTED ACRE","TOTAL","NOT SPECIFIED","80",""
"SURVEY","1990","YEAR","","COUNTY","PENNSYLVANIA","42","SOUTH CENTRAL","80","BEDFORD","009","","","00000000","","CORN","CORN, GRAIN - YIELD, MEASURED IN BU / NET PLANTED ACRE","TOTAL","NOT SPECIFIED","52.8",""
"SURVEY","1990","YEAR","","COUNTY","PENNSYLVANIA","42","SOUTH CENTRAL","80","CUMBERLAND","041","","","00000000","","CORN","CORN, GRAIN - YIELD, MEASURED IN BU / NET PLANTED ACRE","TOTAL","NOT SPECIFIED","64.7",""
"SURVEY","1990","YEAR","","COUNTY","PENNSYLVANIA","42","SOUTH CENTRAL","80","FRANKLIN","055","","","00000000","","CORN","CORN, GRAIN - YIELD, MEASURED IN BU / NET PLANTED ACRE","TOTAL","NOT SPECIFIED","67.1",""
"SURVEY","1990","YEAR","","COUNTY","PENNSYLVANIA","42","SOUTH CENTRAL","80","FULTON","057","","","00000000","","CORN","CORN, GRAIN - YIELD, MEASURED IN BU / NET PLANTED ACRE","TOTAL","NOT SPECIFIED","61.9",""
"SURVEY","1990","YEAR","","COUNTY","PENNSYLVANIA","42","SOUTH CENTRAL","80","YORK","133","","","00000000","","CORN","CORN, GRAIN - YIELD, MEASURED IN BU / NET PLANTED ACRE","TOTAL","NOT SPECIFIED","96",""
"SURVEY","1990","YEAR","","COUNTY","PENNSYLVANIA","42","SOUTHEASTERN","90","BERKS","011","","","00000000","","CORN","CORN, GRAIN - YIELD, MEASURED IN BU / NET PLANTED ACRE","TOTAL","NOT SPECIFIED","94.8",""
"SURVEY","1990","YEAR","","COUNTY","PENNSYLVANIA","42","SOUTHEASTERN","90","BUCKS","017","","","00000000","","CORN","CORN, GRAIN - YIELD, MEASURED IN BU / NET PLANTED ACRE","TOTAL","NOT SPECIFIED","94.1",""
"SURVEY","1990","YEAR","","COUNTY","PENNSYLVANIA","42","SOUTHEASTERN","90","CHESTER","029","","","00000000","","CORN","CORN, GRAIN - YIELD, MEASURED IN BU / NET PLANTED ACRE","TOTAL","NOT SPECIFIED","98.1",""
"SURVEY","1990","YEAR","","COUNTY","PENNSYLVANIA","42","SOUTHEASTERN","90","DELAWARE","045","","","00000000","","CORN","CORN, GRAIN - YIELD, MEASURED IN BU / NET PLANTED ACRE","TOTAL","NOT SPECIFIED","90",""
"SURVEY","1990","YEAR","","COUNTY","PENNSYLVANIA","42","SOUTHEASTERN","90","LANCASTER","071","","","00000000","","CORN","CORN, GRAIN - YIELD, MEASURED IN BU / NET PLANTED ACRE","TOTAL","NOT SPECIFIED","81.3",""
"SURVEY","1990","YEAR","","COUNTY","PENNSYLVANIA","42","SOUTHEASTERN","90","LEBANON","075","","","00000000","","CORN","CORN, GRAIN - YIELD, MEASURED IN BU / NET PLANTED ACRE","TOTAL","NOT SPECIFIED","70.5",""
"SURVEY","1990","YEAR","","COUNTY","PENNSYLVANIA","42","SOUTHEASTERN","90","MONTGOMERY","091","","","00000000","","CORN","CORN, GRAIN - YIELD, MEASURED IN BU / NET PLANTED ACRE","TOTAL","NOT SPECIFIED","82.5",""
"SURVEY","1990","YEAR","","COUNTY","PENNSYLVANIA","42","SOUTHWESTERN","70","ALLEGHENY","003","","","00000000","","CORN","CORN, GRAIN - YIELD, MEASURED IN BU / NET PLANTED ACRE","TOTAL","NOT SPECIFIED","78",""
"SURVEY","1990","YEAR","","COUNTY","PENNSYLVANIA","42","SOUTHWESTERN","70","FAYETTE","051","","","00000000","","CORN","CORN, GRAIN - YIELD, MEASURED IN BU / NET PLANTED ACRE","TOTAL","NOT SPECIFIED","90.9",""
"SURVEY","1990","YEAR","","COUNTY","PENNSYLVANIA","42","SOUTHWESTERN","70","GREENE","059","","","00000000","","CORN","CORN, GRAIN - YIELD, MEASURED IN BU / NET PLANTED ACRE","TOTAL","NOT SPECIFIED","54.3",""
"SURVEY","1990","YEAR","","COUNTY","PENNSYLVANIA","42","SOUTHWESTERN","70","SOMERSET","111","","","00000000","","CORN","CORN, GRAIN - YIELD, MEASURED IN BU / NET PLANTED ACRE","TOTAL","NOT SPECIFIED","52.7",""
"SURVEY","1990","YEAR","","COUNTY","PENNSYLVANIA","42","SOUTHWESTERN","70","WASHINGTON","125","","","00000000","","CORN","CORN, GRAIN - YIELD, MEASURED IN BU / NET PLANTED ACRE","TOTAL","NOT SPECIFIED","91.4",""
"SURVEY","1990","YEAR","","COUNTY","PENNSYLVANIA","42","SOUTHWESTERN","70","WESTMORELAND","129","","","00000000","","CORN","CORN, GRAIN - YIELD, MEASURED IN BU / NET PLANTED ACRE","TOTAL","NOT SPECIFIED","93.5",""
"SURVEY","1990","YEAR","","COUNTY","PENNSYLVANIA","42","WEST CENTRAL","40","ARMSTRONG","005","","","00000000","","CORN","CORN, GRAIN - YIELD, MEASURED IN BU / NET PLANTED ACRE","TOTAL","NOT SPECIFIED","85.4",""
"SURVEY","1990","YEAR","","COUNTY","PENNSYLVANIA","42","WEST CENTRAL","40","BEAVER","007","","","00000000","","CORN","CORN, GRAIN - YIELD, MEASURED IN BU / NET PLANTED ACRE","TOTAL","NOT SPECIFIED","87.7",""
"SURVEY","1990","YEAR","","COUNTY","PENNSYLVANIA","42","WEST CENTRAL","40","BUTLER","019","","","00000000","","CORN","CORN, GRAIN - YIELD, MEASURED IN BU / NET PLANTED ACRE","TOTAL","NOT SPECIFIED","90.4",""
"SURVEY","1990","YEAR","","COUNTY","PENNSYLVANIA","42","WEST CENTRAL","40","CLARION","031","","","00000000","","CORN","CORN, GRAIN - YIELD, MEASURED IN BU / NET PLANTED ACRE","TOTAL","NOT SPECIFIED","69.8",""
"SURVEY","1990","YEAR","","COUNTY","PENNSYLVANIA","42","WEST CENTRAL","40","INDIANA","063","","","00000000","","CORN","CORN, GRAIN - YIELD, MEASURED IN BU / NET PLANTED ACRE","TOTAL","NOT SPECIFIED","85.3",""
"SURVEY","1990","YEAR","","COUNTY","PENNSYLVANIA","42","WEST CENTRAL","40","JEFFERSON","065","","","00000000","","CORN","CORN, GRAIN - YIELD, MEASURED IN BU / NET PLANTED ACRE","TOTAL","NOT SPECIFIED","69.9",""
"SURVEY","1990","YEAR","","COUNTY","PENNSYLVANIA","42","WEST CENTRAL","40","LAWRENCE","073","","","00000000","","CORN","CORN, GRAIN - YIELD, MEASURED IN BU / NET PLANTED ACRE","TOTAL","NOT SPECIFIED","93.4",""
"SURVEY","1990","YEAR","","COUNTY","UTAH","49","CENTRAL","50","MILLARD","027","","","00000000","","CORN","CORN, GRAIN - YIELD, MEASURED IN BU / NET PLANTED ACRE","TOTAL","NOT SPECIFIED","141",""
"SURVEY","1990","YEAR","","COUNTY","UTAH","49","CENTRAL","50","SEVIER","041","","","00000000","","CORN","CORN, GRAIN - YIELD, MEASURED IN BU / NET PLANTED ACRE","TOTAL","NOT SPECIFIED","132.5",""
"SURVEY","1990","YEAR","","COUNTY","UTAH","49","CENTRAL","50","UTAH","049","","","00000000","","CORN","CORN, GRAIN - YIELD, MEASURED IN BU / NET PLANTED ACRE","TOTAL","NOT SPECIFIED","130",""
"SURVEY","1990","YEAR","","COUNTY","UTAH","49","EASTERN","60","DUCHESNE","013","","","00000000","","CORN","CORN, GRAIN - YIELD, MEASURED IN BU / NET PLANTED ACRE","TOTAL","NOT SPECIFIED","102.2",""
"SURVEY","1990","YEAR","","COUNTY","UTAH","49","EASTERN","60","EMERY","015","","","00000000","","CORN","CORN, GRAIN - YIELD, MEASURED IN BU / NET PLANTED ACRE","TOTAL","NOT SPECIFIED","68",""
"SURVEY","1990","YEAR","","COUNTY","UTAH","49","EASTERN","60","OTHER (COMBINED) COUNTIES","","","","00000000","","CORN","CORN, GRAIN - YIELD, MEASURED IN BU / NET PLANTED ACRE","TOTAL","NOT SPECIFIED","100",""
"SURVEY","1990","YEAR","","COUNTY","UTAH","49","EASTERN","60","UINTAH","047","","","00000000","","CORN","CORN, GRAIN - YIELD, MEASURED IN BU / NET PLANTED ACRE","TOTAL","NOT SPECIFIED","74.5",""
"SURVEY","1990","YEAR","","COUNTY","UTAH","49","NORTHERN","10","BOX ELDER","003","","","00000000","","CORN","CORN, GRAIN - YIELD, MEASURED IN BU / NET PLANTED ACRE","TOTAL","NOT SPECIFIED","149.2",""
"SURVEY","1990","YEAR","","COUNTY","UTAH","49","NORTHERN","10","CACHE","005","","","00000000","","CORN","CORN, GRAIN - YIELD, MEASURED IN BU / NET PLANTED ACRE","TOTAL","NOT SPECIFIED","136.7",""
"SURVEY","1990","YEAR","","COUNTY","UTAH","49","NORTHERN","10","DAVIS","011","","","00000000","","CORN","CORN, GRAIN - YIELD, MEASURED IN BU / NET PLANTED ACRE","TOTAL","NOT SPECIFIED","145",""
"SURVEY","1990","YEAR","","COUNTY","UTAH","49","NORTHERN","10","SALT LAKE","035","","","00000000","","CORN","CORN, GRAIN - YIELD, MEASURED IN BU / NET PLANTED ACRE","TOTAL","NOT SPECIFIED","146.7",""
"SURVEY","1990","YEAR","","COUNTY","UTAH","49","NORTHERN","10","WEBER","057","","","00000000","","CORN","CORN, GRAIN - YIELD, MEASURED IN BU / NET PLANTED ACRE","TOTAL","NOT SPECIFIED","133.6",""
"SURVEY","1990","YEAR","","COUNTY","UTAH","49","SOUTHERN","70","IRON","021","","","00000000","","CORN","CORN, GRAIN - YIELD, MEASURED IN BU / NET PLANTED ACRE","TOTAL","NOT SPECIFIED","105",""
"SURVEY","1990","YEAR","","COUNTY","WASHINGTON","53","CENTRAL","20","BENTON","005","","","00000000","","CORN","CORN, GRAIN - YIELD, MEASURED IN BU / NET PLANTED ACRE","TOTAL","NOT SPECIFIED","199",""
"SURVEY","1990","YEAR","","COUNTY","WASHINGTON","53","CENTRAL","20","KITTITAS","037","","","00000000","","CORN","CORN, GRAIN - YIELD, MEASURED IN BU / NET PLANTED ACRE","TOTAL","NOT SPECIFIED","143",""
"SURVEY","1990","YEAR","","COUNTY","WASHINGTON","53","CENTRAL","20","KLICKITAT","039","","","00000000","","CORN","CORN, GRAIN - YIELD, MEASURED IN BU / NET PLANTED ACRE","TOTAL","NOT SPECIFIED","140",""
"SURVEY","1990","YEAR","","COUNTY","WASHINGTON","53","CENTRAL","20","YAKIMA","077","","","00000000","","CORN","CORN, GRAIN - YIELD, MEASURED IN BU / NET PLANTED ACRE","TOTAL","NOT SPECIFIED","144",""
"SURVEY","1990","YEAR","","COUNTY","WASHINGTON","53","EAST CENTRAL","50","ADAMS","001","","","00000000","","CORN","CORN, GRAIN - YIELD, MEASURED IN BU / NET PLANTED ACRE","TOTAL","NOT SPECIFIED","152",""
"SURVEY","1990","YEAR","","COUNTY","WASHINGTON","53","EAST CENTRAL","50","FRANKLIN","021","","","00000000","","CORN","CORN, GRAIN - YIELD, MEASURED IN BU / NET PLANTED ACRE","TOTAL","NOT SPECIFIED","169",""
"SURVEY","1990","YEAR","","COUNTY","WASHINGTON","53","EAST CENTRAL","50","GRANT","025","","","00000000","","CORN","CORN, GRAIN - YIELD, MEASURED IN BU / NET PLANTED ACRE","TOTAL","NOT SPECIFIED","156",""
"SURVEY","1990","YEAR","","COUNTY","WASHINGTON","53","NORTHEAST","30","OTHER (COMBINED) COUNTIES","","","","00000000","","CORN","CORN, GRAIN - YIELD, MEASURED IN BU / NET PLANTED ACRE","TOTAL","NOT SPECIFIED","100",""
"SURVEY","1990","YEAR","","COUNTY","WASHINGTON","53","SOUTHEAST","90","WALLA WALLA","071","","","00000000","","CORN","CORN, GRAIN - YIELD, MEASURED IN BU / NET PLANTED ACRE","TOTAL","NOT SPECIFIED","187",""
"SURVEY","1990","YEAR","","COUNTY","WISCONSIN","55","CENTRAL","50","ADAMS","001","","","00000000","","CORN","CORN, GRAIN - YIELD, MEASURED IN BU / NET PLANTED ACRE","TOTAL","NOT SPECIFIED","95.5",""
"SURVEY","1990","YEAR","","COUNTY","WISCONSIN","55","CENTRAL","50","GREEN LAKE","047","","","00000000","","CORN","CORN, GRAIN - YIELD, MEASURED IN BU / NET PLANTED ACRE","TOTAL","NOT SPECIFIED","101.4",""
"SURVEY","1990","YEAR","","COUNTY","WISCONSIN","55","CENTRAL","50","JUNEAU","057","","","00000000","","CORN","CORN, GRAIN - YIELD, MEASURED IN BU / NET PLANTED ACRE","TOTAL","NOT SPECIFIED","96.8",""
"SURVEY","1990","YEAR","","COUNTY","WISCONSIN","55","CENTRAL","50","MARQUETTE","077","","","00000000","","CORN","CORN, GRAIN - YIELD, MEASURED IN BU / NET PLANTED ACRE","TOTAL","NOT SPECIFIED","88",""
"SURVEY","1990","YEAR","","COUNTY","WISCONSIN","55","CENTRAL","50","PORTAGE","097","","","00000000","","CORN","CORN, GRAIN - YIELD, MEASURED IN BU / NET PLANTED ACRE","TOTAL","NOT SPECIFIED","97",""
"SURVEY","1990","YEAR","","COUNTY","WISCONSIN","55","CENTRAL","50","WAUPACA","135","","","00000000","","CORN","CORN, GRAIN - YIELD, MEASURED IN BU / NET PLANTED ACRE","TOTAL","NOT SPECIFIED","80.8",""
"SURVEY","1990","YEAR","","COUNTY","WISCONSIN","55","CENTRAL","50","WAUSHARA","137","","","00000000","","CORN","CORN, GRAIN - YIELD, MEASURED IN BU / NET PLANTED ACRE","TOTAL","NOT SPECIFIED","95.5",""
"SURVEY","1990","YEAR","","COUNTY","WISCONSIN","55","CENTRAL","50","WOOD","141","","","00000000","","CORN","CORN, GRAIN - YIELD, MEASURED IN BU / NET PLANTED ACRE","TOTAL","NOT SPECIFIED","73.1",""
"SURVEY","1990","YEAR","","COUNTY","WISCONSIN","55","EAST CENTRAL","60","BROWN","009","","","00000000","","CORN","CORN, GRAIN - YIELD, MEASURED IN BU / NET PLANTED ACRE","TOTAL","NOT SPECIFIED","67.9",""
"SURVEY","1990","YEAR","","COUNTY","WISCONSIN","55","EAST CENTRAL","60","CALUMET","015","","","00000000","","CORN","CORN, GRAIN - YIELD, MEASURED IN BU / NET PLANTED ACRE","TOTAL","NOT SPECIFIED","75.6",""
"SURVEY","1990","YEAR","","COUNTY","WISCONSIN","55","EAST CENTRAL","60","DOOR","029","","","00000000","","CORN","CORN, GRAIN - YIELD, MEASURED IN BU / NET PLANTED ACRE","TOTAL","NOT SPECIFIED","65.4",""
"SURVEY","1990","YEAR","","COUNTY","WISCONSIN","55","EAST CENTRAL","60","FOND DU LAC","039","","","00000000","","CORN","CORN, GRAIN - YIELD, MEASURED IN BU / NET PLANTED ACRE","TOTAL","NOT SPECIFIED","90.3",""
"SURVEY","1990","YEAR","","COUNTY","WISCONSIN","55","EAST CENTRAL","60","KEWAUNEE","061","","","00000000","","CORN","CORN, GRAIN - YIELD, MEASURED IN BU / NET PLANTED ACRE","TOTAL","NOT SPECIFIED","66.1",""
"SURVEY","1990","YEAR","","COUNTY","WISCONSIN","55","EAST CENTRAL","60","MANITOWOC","071","","","00000000","","CORN","CORN, GRAIN - YIELD, MEASURED IN BU / NET PLANTED ACRE","TOTAL","NOT SPECIFIED","73.9",""
"SURVEY","1990","YEAR","","COUNTY","WISCONSIN","55","EAST CENTRAL","60","OUTAGAMIE","087","","","00000000","","CORN","CORN, GRAIN - YIELD, MEASURED IN BU / NET PLANTED ACRE","TOTAL","NOT SPECIFIED","80.6",""
"SURVEY","1990","YEAR","","COUNTY","WISCONSIN","55","EAST CENTRAL","60","SHEBOYGAN","117","","","00000000","","CORN","CORN, GRAIN - YIELD, MEASURED IN BU / NET PLANTED ACRE","TOTAL","NOT SPECIFIED","80.9",""
"SURVEY","1990","YEAR","","COUNTY","WISCONSIN","55","EAST CENTRAL","60","WINNEBAGO","139","","","00000000","","CORN","CORN, GRAIN - YIELD, MEASURED IN BU / NET PLANTED ACRE","TOTAL","NOT SPECIFIED","86.2",""
"SURVEY","1990","YEAR","","COUNTY","WISCONSIN","55","NORTH CENTRAL","20","ASHLAND","003","","","00000000","","CORN","CORN, GRAIN - YIELD, MEASURED IN BU / NET PLANTED ACRE","TOTAL","NOT SPECIFIED","36.5",""
"SURVEY","1990","YEAR","","COUNTY","WISCONSIN","55","NORTH CENTRAL","20","CLARK","019","","","00000000","","CORN","CORN, GRAIN - YIELD, MEASURED IN BU / NET PLANTED ACRE","TOTAL","NOT SPECIFIED","60.5",""
"SURVEY","1990","YEAR","","COUNTY","WISCONSIN","55","NORTH CENTRAL","20","IRON","051","","","00000000","","CORN","CORN, GRAIN - YIELD, MEASURED IN BU / NET PLANTED ACRE","TOTAL","NOT SPECIFIED","31.7",""
"SURVEY","1990","YEAR","","COUNTY","WISCONSIN","55","NORTH CENTRAL","20","LINCOLN","069","","","00000000","","CORN","CORN, GRAIN - YIELD, MEASURED IN BU / NET PLANTED ACRE","TOTAL","NOT SPECIFIED","41.3",""
"SURVEY","1990","YEAR","","COUNTY","WISCONSIN","55","NORTH CENTRAL","20","MARATHON","073","","","00000000","","CORN","CORN, GRAIN - YIELD, MEASURED IN BU / NET PLANTED ACRE","TOTAL","NOT SPECIFIED","60.9",""
"SURVEY","1990","YEAR","","COUNTY","WISCONSIN","55","NORTH CENTRAL","20","ONEIDA","085","","","00000000","","CORN","CORN, GRAIN - YIELD, MEASURED IN BU / NET PLANTED ACRE","TOTAL","NOT SPECIFIED","70",""
"SURVEY","1990","YEAR","","COUNTY","WISCONSIN","55","NORTH CENTRAL","20","PRICE","099","","","00000000","","CORN","CORN, GRAIN - YIELD, MEASURED IN BU / NET PLANTED ACRE","TOTAL","NOT SPECIFIED","42.3",""
"SURVEY","1990","YEAR","","COUNTY","WISCONSIN","55","NORTH CENTRAL","20","TAYLOR","119","","","00000000","","CORN","CORN, GRAIN - YIELD, MEASURED IN BU / NET PLANTED ACRE","TOTAL","NOT SPECIFIED","55.9",""
"SURVEY","1990","YEAR","","COUNTY","WISCONSIN","55","NORTH CENTRAL","20","VILAS","125","","","00000000","","CORN","CORN, GRAIN - YIELD, MEASURED IN BU / NET PLANTED ACRE","TOTAL","NOT SPECIFIED","70",""
"SURVEY","1990","YEAR","","COUNTY","WISCONSIN","55","NORTHEAST","30","FLORENCE","037","","","00000000","","CORN","CORN, GRAIN - YIELD, MEASURED IN BU / NET PLANTED ACRE","TOTAL","NOT SPECIFIED","23.6",""
"SURVEY","1990","YEAR","","COUNTY","WISCONSIN","55","NORTHEAST","30","FOREST","041","","","00000000","","CORN","CORN, GRAIN - YIELD, MEASURED IN BU / NET PLANTED ACRE","TOTAL","NOT SPECIFIED","29.3",""
"SURVEY","1990","YEAR","","COUNTY","WISCONSIN","55","NORTHEAST","30","LANGLADE","067","","","00000000","","CORN","CORN, GRAIN - YIELD, MEASURED IN BU / NET PLANTED ACRE","TOTAL","NOT SPECIFIED","62.6",""
"SURVEY","1990","YEAR","","COUNTY","WISCONSIN","55","NORTHEAST","30","MARINETTE","075","","","00000000","","CORN","CORN, GRAIN - YIELD, MEASURED IN BU / NET PLANTED ACRE","TOTAL","NOT SPECIFIED","62.1",""
"SURVEY","1990","YEAR","","COUNTY","WISCONSIN","55","NORTHEAST","30","OCONTO","083","","","00000000","","CORN","CORN, GRAIN - YIELD, MEASURED IN BU / NET PLANTED ACRE","TOTAL","NOT SPECIFIED","70.9",""
"SURVEY","1990","YEAR","","COUNTY","WISCONSIN","55","NORTHEAST","30","SHAWANO","115","","","00000000","","CORN","CORN, GRAIN - YIELD, MEASURED IN BU / NET PLANTED ACRE","TOTAL","NOT SPECIFIED","63.5",""
"SURVEY","1990","YEAR","","COUNTY","WISCONSIN","55","NORTHWEST","10","BARRON","005","","","00000000","","CORN","CORN, GRAIN - YIELD, MEASURED IN BU / NET PLANTED ACRE","TOTAL","NOT SPECIFIED","76.8",""
"SURVEY","1990","YEAR","","COUNTY","WISCONSIN","55","NORTHWEST","10","BAYFIELD","007","","","00000000","","CORN","CORN, GRAIN - YIELD, MEASURED IN BU / NET PLANTED ACRE","TOTAL","NOT SPECIFIED","44.7",""
"SURVEY","1990","YEAR","","COUNTY","WISCONSIN","55","NORTHWEST","10","BURNETT","013","","","00000000","","CORN","CORN, GRAIN - YIELD, MEASURED IN BU / NET PLANTED ACRE","TOTAL","NOT SPECIFIED","75.5",""
"SURVEY","1990","YEAR","","COUNTY","WISCONSIN","55","NORTHWEST","10","CHIPPEWA","017","","","00000000","","CORN","CORN, GRAIN - YIELD, MEASURED IN BU / NET PLANTED ACRE","TOTAL","NOT SPECIFIED","72.9",""
"SURVEY","1990","YEAR","","COUNTY","WISCONSIN","55","NORTHWEST","10","DOUGLAS","031","","","00000000","","CORN","CORN, GRAIN - YIELD, MEASURED IN BU / NET PLANTED ACRE","TOTAL","NOT SPECIFIED","63.3",""
"SURVEY","1990","YEAR","","COUNTY","WISCONSIN","55","NORTHWEST","10","POLK","095","","","00000000","","CORN","CORN, GRAIN - YIELD, MEASURED IN BU / NET PLANTED ACRE","TOTAL","NOT SPECIFIED","76.6",""
"SURVEY","1990","YEAR","","COUNTY","WISCONSIN","55","NORTHWEST","10","RUSK","107","","","00000000","","CORN","CORN, GRAIN - YIELD, MEASURED IN BU / NET PLANTED ACRE","TOTAL","NOT SPECIFIED","61.2",""
"SURVEY","1990","YEAR","","COUNTY","WISCONSIN","55","NORTHWEST","10","SAWYER","113","","","00000000","","CORN","CORN, GRAIN - YIELD, MEASURED IN BU / NET PLANTED ACRE","TOTAL","NOT SPECIFIED","64.4",""
"SURVEY","1990","YEAR","","COUNTY","WISCONSIN","55","NORTHWEST","10","WASHBURN","129","","","00000000","","CORN","CORN, GRAIN - YIELD, MEASURED IN BU / NET PLANTED ACRE","TOTAL","NOT SPECIFIED","60.3",""
"SURVEY","1990","YEAR","","COUNTY","WISCONSIN","55","SOUTH CENTRAL","80","COLUMBIA","021","","","00000000","","CORN","CORN, GRAIN - YIELD, MEASURED IN BU / NET PLANTED ACRE","TOTAL","NOT SPECIFIED","116.4",""
"SURVEY","1990","YEAR","","COUNTY","WISCONSIN","55","SOUTH CENTRAL","80","DANE","025","","","00000000","","CORN","CORN, GRAIN - YIELD, MEASURED IN BU / NET PLANTED ACRE","TOTAL","NOT SPECIFIED","116.5",""
"SURVEY","1990","YEAR","","COUNTY","WISCONSIN","55","SOUTH CENTRAL","80","DODGE","027","","","00000000","","CORN","CORN, GRAIN - YIELD, MEASURED IN BU / NET PLANTED ACRE","TOTAL","NOT SPECIFIED","104.9",""
"SURVEY","1990","YEAR","","COUNTY","WISCONSIN","55","SOUTH CENTRAL","80","GREEN","045","","","00000000","","CORN","CORN, GRAIN - YIELD, MEASURED IN BU / NET PLANTED ACRE","TOTAL","NOT SPECIFIED","105.7",""
"SURVEY","1990","YEAR","","COUNTY","WISCONSIN","55","SOUTH CENTRAL","80","JEFFERSON","055","","","00000000","","CORN","CORN, GRAIN - YIELD, MEASURED IN BU / NET PLANTED ACRE","TOTAL","NOT SPECIFIED","109.1",""
"SURVEY","1990","YEAR","","COUNTY","WISCONSIN","55","SOUTH CENTRAL","80","ROCK","105","","","00000000","","CORN","CORN, GRAIN - YIELD, MEASURED IN BU / NET PLANTED ACRE","TOTAL","NOT SPECIFIED","122.5",""
"SURVEY","1990","YEAR","","COUNTY","WISCONSIN","55","SOUTHEAST","90","KENOSHA","059","","","00000000","","CORN","CORN, GRAIN - YIELD, MEASURED IN BU / NET PLANTED ACRE","TOTAL","NOT SPECIFIED","104",""
"SURVEY","1990","YEAR","","COUNTY","WISCONSIN","55","SOUTHEAST","90","MILWAUKEE","079","","","00000000","","CORN","CORN, GRAIN - YIELD, MEASURED IN BU / NET PLANTED ACRE","TOTAL","NOT SPECIFIED","104.5",""
"SURVEY","1990","YEAR","","COUNTY","WISCONSIN","55","SOUTHEAST","90","OZAUKEE","089","","","00000000","","CORN","CORN, GRAIN - YIELD, MEASURED IN BU / NET PLANTED ACRE","TOTAL","NOT SPECIFIED","91.1",""
"SURVEY","1990","YEAR","","COUNTY","WISCONSIN","55","SOUTHEAST","90","RACINE","101","","","00000000","","CORN","CORN, GRAIN - YIELD, MEASURED IN BU / NET PLANTED ACRE","TOTAL","NOT SPECIFIED","106.2",""
"SURVEY","1990","YEAR","","COUNTY","WISCONSIN","55","SOUTHEAST","90","WALWORTH","127","","","00000000","","CORN","CORN, GRAIN - YIELD, MEASURED IN BU / NET PLANTED ACRE","TOTAL","NOT SPECIFIED","112.1",""
"SURVEY","1990","YEAR","","COUNTY","WISCONSIN","55","SOUTHEAST","90","WASHINGTON","131","","","00000000","","CORN","CORN, GRAIN - YIELD, MEASURED IN BU / NET PLANTED ACRE","TOTAL","NOT SPECIFIED","86.2",""
"SURVEY","1990","YEAR","","COUNTY","WISCONSIN","55","SOUTHEAST","90","WAUKESHA","133","","","00000000","","CORN","CORN, GRAIN - YIELD, MEASURED IN BU / NET PLANTED ACRE","TOTAL","NOT SPECIFIED","104.7",""
"SURVEY","1990","YEAR","","COUNTY","WISCONSIN","55","SOUTHWEST","70","CRAWFORD","023","","","00000000","","CORN","CORN, GRAIN - YIELD, MEASURED IN BU / NET PLANTED ACRE","TOTAL","NOT SPECIFIED","108.8",""
"SURVEY","1990","YEAR","","COUNTY","WISCONSIN","55","SOUTHWEST","70","GRANT","043","","","00000000","","CORN","CORN, GRAIN - YIELD, MEASURED IN BU / NET PLANTED ACRE","TOTAL","NOT SPECIFIED","113.2",""
"SURVEY","1990","YEAR","","COUNTY","WISCONSIN","55","SOUTHWEST","70","IOWA","049","","","00000000","","CORN","CORN, GRAIN - YIELD, MEASURED IN BU / NET PLANTED ACRE","TOTAL","NOT SPECIFIED","107.9",""
"SURVEY","1990","YEAR","","COUNTY","WISCONSIN","55","SOUTHWEST","70","LAFAYETTE","065","","","00000000","","CORN","CORN, GRAIN - YIELD, MEASURED IN BU / NET PLANTED ACRE","TOTAL","NOT SPECIFIED","113",""
"SURVEY","1990","YEAR","","COUNTY","WISCONSIN","55","SOUTHWEST","70","RICHLAND","103","","","00000000","","CORN","CORN, GRAIN - YIELD, MEASURED IN BU / NET PLANTED ACRE","TOTAL","NOT SPECIFIED","102.9",""
"SURVEY","1990","YEAR","","COUNTY","WISCONSIN","55","SOUTHWEST","70","SAUK","111","","","00000000","","CORN","CORN, GRAIN - YIELD, MEASURED IN BU / NET PLANTED ACRE","TOTAL","NOT SPECIFIED","106.2",""
"SURVEY","1990","YEAR","","COUNTY","WISCONSIN","55","SOUTHWEST","70","VERNON","123","","","00000000","","CORN","CORN, GRAIN - YIELD, MEASURED IN BU / NET PLANTED ACRE","TOTAL","NOT SPECIFIED","100",""
"SURVEY","1990","YEAR","","COUNTY","WISCONSIN","55","WEST CENTRAL","40","BUFFALO","011","","","00000000","","CORN","CORN, GRAIN - YIELD, MEASURED IN BU / NET PLANTED ACRE","TOTAL","NOT SPECIFIED","102.6",""
"SURVEY","1990","YEAR","","COUNTY","WISCONSIN","55","WEST CENTRAL","40","DUNN","033","","","00000000","","CORN","CORN, GRAIN - YIELD, MEASURED IN BU / NET PLANTED ACRE","TOTAL","NOT SPECIFIED","103.1",""
"SURVEY","1990","YEAR","","COUNTY","WISCONSIN","55","WEST CENTRAL","40","EAU CLAIRE","035","","","00000000","","CORN","CORN, GRAIN - YIELD, MEASURED IN BU / NET PLANTED ACRE","TOTAL","NOT SPECIFIED","99.3",""
"SURVEY","1990","YEAR","","COUNTY","WISCONSIN","55","WEST CENTRAL","40","JACKSON","053","","","00000000","","CORN","CORN, GRAIN - YIELD, MEASURED IN BU / NET PLANTED ACRE","TOTAL","NOT SPECIFIED","104.4",""
"SURVEY","1990","YEAR","","COUNTY","WISCONSIN","55","WEST CENTRAL","40","LA CROSSE","063","","","00000000","","CORN","CORN, GRAIN - YIELD, MEASURED IN BU / NET PLANTED ACRE","TOTAL","NOT SPECIFIED","107.5",""
"SURVEY","1990","YEAR","","COUNTY","WISCONSIN","55","WEST CENTRAL","40","MONROE","081","","","00000000","","CORN","CORN, GRAIN - YIELD, MEASURED IN BU / NET PLANTED ACRE","TOTAL","NOT SPECIFIED","96.7",""
"SURVEY","1990","YEAR","","COUNTY","WISCONSIN","55","WEST CENTRAL","40","PEPIN","091","","","00000000","","CORN","CORN, GRAIN - YIELD, MEASURED IN BU / NET PLANTED ACRE","TOTAL","NOT SPECIFIED","102",""
"SURVEY","1990","YEAR","","COUNTY","WISCONSIN","55","WEST CENTRAL","40","PIERCE","093","","","00000000","","CORN","CORN, GRAIN - YIELD, MEASURED IN BU / NET PLANTED ACRE","TOTAL","NOT SPECIFIED","100.1",""
"SURVEY","1990","YEAR","","COUNTY","WISCONSIN","55","WEST CENTRAL","40","ST CROIX","109","","","00000000","","CORN","CORN, GRAIN - YIELD, MEASURED IN BU / NET PLANTED ACRE","TOTAL","NOT SPECIFIED","95.3",""
"SURVEY","1990","YEAR","","COUNTY","WISCONSIN","55","WEST CENTRAL","40","TREMPEALEAU","121","","","00000000","","CORN","CORN, GRAIN - YIELD, MEASURED IN BU / NET PLANTED ACRE","TOTAL","NOT SPECIFIED","101.4",""
"SURVEY","1990","YEAR","","STATE","MINNESOTA","27","","","","","","","00000000","","CORN","CORN, GRAIN - YIELD, MEASURED IN BU / NET PLANTED ACRE","TOTAL","NOT SPECIFIED","123",""
"SURVEY","1990","YEAR","","STATE","NEBRASKA","31","","","","","","","00000000","","CORN","CORN, GRAIN - YIELD, MEASURED IN BU / NET PLANTED ACRE","TOTAL","NOT SPECIFIED","127",""
"SURVEY","1990","YEAR","","STATE","OREGON","41","","","","","","","00000000","","CORN","CORN, GRAIN - YIELD, MEASURED IN BU / NET PLANTED ACRE","TOTAL","NOT SPECIFIED","54",""
"SURVEY","1990","YEAR","","STATE","PENNSYLVANIA","42","","","","","","","00000000","","CORN","CORN, GRAIN - YIELD, MEASURED IN BU / NET PLANTED ACRE","TOTAL","NOT SPECIFIED","79.4",""
"SURVEY","1990","YEAR","","STATE","UTAH","49","","","","","","","00000000","","CORN","CORN, GRAIN - YIELD, MEASURED IN BU / NET PLANTED ACRE","TOTAL","NOT SPECIFIED","133",""
"SURVEY","1990","YEAR","","STATE","WASHINGTON","53","","","","","","","00000000","","CORN","CORN, GRAIN - YIELD, MEASURED IN BU / NET PLANTED ACRE","TOTAL","NOT SPECIFIED","175",""
"SURVEY","1990","YEAR","","STATE","WISCONSIN","55","","","","","","","00000000","","CORN","CORN, GRAIN - YIELD, MEASURED IN BU / NET PLANTED ACRE","TOTAL","NOT SPECIFIED","95.7",""
